B_B1,B_B2,B_B3,B_B4,B_B5,R_B1,R_B2,R_B3,R_B4,R_B5,B_P1,B_P2,B_P3,B_P4,B_P5,R_P1,R_P2,R_P3,R_P4,R_P5,Blue_Win
Baxia,Guinevere,Marcel,Lapu-Lapu,Freya,Fanny,Zhuxin,Kalea,Khaleed,Harith,Phoveus,Leomord,Yve,Claude,Gloo,Sora,Uranus,Valentina,Yi Sun-shin,Hylos,1
Baxia,Guinevere,Valentina,Freya,Uranus,Fanny,Zhuxin,Chip,Leomord,Harley,Sora,Fredrinn,Lylia,Granger,Khaleed,Phoveus,Suyou,Zetian,Obsidia,Marcel,0
Kalea,Grock,Phoveus,Esmeralda,Harith,Marcel,Zhuxin,Fanny,Khaleed,Gloo,Lapu-Lapu,Guinevere,Valentina,Yi Sun-shin,Chou,Uranus,Leomord,Yve,Freya,Hylos,0
Yve,Guinevere,Valentina,Baxia,Harley,Zhuxin,Freya,Sora,Alice,Esmeralda,Lapu-Lapu,Leomord,Faramis,Harith,Marcel,Uranus,Fredrinn,Zetian,Obsidia,Khaleed,1
Guinevere,Grock,Zhuxin,Khaleed,Kalea,Uranus,Yve,Freya,Baxia,Fredrinn,Alice,Leomord,Valentina,Claude,Marcel,Phoveus,Harley,Lylia,Yi Sun-shin,Belerick,0
Helcurt,Phoveus,Sora,Baxia,Leomord,Fanny,Zhuxin,Freya,Valentina,Harith,Masha,Fredrinn,Pharsa,Granger,Chip,X.Borg,Suyou,Zetian,Claude,Hilda,1
Helcurt,Phoveus,Kalea,Chou,Khufra,Masha,Freya,Zhuxin,Harith,Granger,Valentina,Fanny,Selena,Claude,Gatotkaca,Cici,Fredrinn,Kimmy,Sora,Hilda,1
Baxia,Fanny,Valentina,Lapu-Lapu,Phoveus,Zhuxin,Kalea,Freya,Harith,Karrie,Sora,Guinevere,Pharsa,Yi Sun-shin,Chou,Lukas,Fredrinn,Yve,Claude,Hilda,1
Fanny,Baxia,Sora,Arlott,Uranus,Zhuxin,Freya,Kalea,Lylia,Guinevere,Lapu-Lapu,Harley,Gord,Yi Sun-shin,Chou,Suyou,Joy,Zetian,Claude,Khaleed,1
Leomord,Guinevere,Kalea,Harley,Yi Sun-shin,Fanny,Yve,Baxia,Hilda,Chou,Phoveus,Lukas,Zhuxin,Karrie,Gloo,Sora,Hayabusa,Lylia,Freya,Khaleed,1
Fanny,Baxia,Phoveus,Mathilda,Arlott,Leomord,Guinevere,Kalea,Harley,Khaleed,Sora,Yi Sun-shin,Yve,Freya,Gloo,Benedetta,Fredrinn,Zhuxin,Karrie,Chip,1
Leomord,Guinevere,Kalea,Harley,Cici,Baxia,Fanny,Phoveus,Karrie,Uranus,Freya,Fredrinn,Zetian,Moskov,Gloo,Esmeralda,Suyou,Zhuxin,Harith,Khaleed,1
Kalea,Yve,Phoveus,Moskov,Fredrinn,Zhuxin,Baxia,Hilda,Hylos,Chou,Arlott,Fanny,Pharsa,Freya,Guinevere,Sora,Leomord,Valentina,Yi Sun-shin,Badang,1
Baxia,Hilda,Valentina,Uranus,Grock,Zhuxin,Fanny,Freya,Harith,Yu Zhong,Sora,Lancelot,Zetian,Yi Sun-shin,Hylos,Arlott,Guinevere,Pharsa,Claude,Gloo,0
Phoveus,Freya,Kalea,Arlott,Khufra,Masha,Guinevere,Yve,Granger,Karrie,Gloo,Fanny,Selena,Claude,Gatotkaca,Yu Zhong,Leomord,Zhuxin,Moskov,Hilda,0
Masha,Guinevere,Kalea,Harley,Granger,Freya,Zhuxin,Fanny,Phoveus,Arlott,Sora,Fredrinn,Yve,Karrie,Gloo,Valentina,Suyou,Kimmy,Cici,Chou,1
Fanny,Baxia,Sora,Claude,Moskov,Freya,Yi Sun-shin,Guinevere,Chou,Khaleed,Yu Zhong,Suyou,Zhuxin,Harith,Badang,Uranus,Harley,Zetian,Bruno,Grock,1
Fanny,Baxia,Valentina,Claude,Pharsa,Freya,Yi Sun-shin,Zhuxin,Harley,Joy,Sora,Guinevere,Yve,Granger,Gatotkaca,Phoveus,Suyou,Lylia,Karrie,Kalea,1
Kalea,Marcel,Hilda,Chou,Harith,Freya,Fanny,Valentina,Arlott,Yu Zhong,Phoveus,Baxia,Zhuxin,Moskov,Khaleed,Sora,Suyou,Zetian,Cici,Helcurt,1
Yve,Phoveus,Fanny,Guinevere,Fredrinn,Marcel,Helcurt,Valentina,Khaleed,Arlott,Freya,Leomord,Zetian,Masha,Chip,Sora,Suyou,Zhuxin,Karrie,Gatotkaca,0
Yve,Phoveus,Marcel,Yi Sun-shin,Hayabusa,Fanny,Freya,Zhuxin,Gatotkaca,Helcurt,Valentina,Baxia,Zetian,Claude,Gloo,Uranus,Guinevere,Pharsa,Karrie,Chou,1
Fanny,Baxia,Guinevere,Harley,Fredrinn,Yve,Marcel,Phoveus,Karrie,Harith,Benedetta,Leomord,Zhuxin,Esmeralda,Khaleed,Valentina,Suyou,Lunox,Freya,Gloo,0
Yve,Fanny,Valentina,Khaleed,Claude,Marcel,Freya,Phoveus,Harley,Joy,Sora,Leomord,Zhuxin,Cici,Gloo,Arlott,Baxia,Zetian,Yi Sun-shin,Atlas,1
Helcurt,Sora,Phoveus,Chip,Khaleed,Freya,Fanny,Marcel,Kalea,Badang,Lapu-Lapu,Harley,Yve,Yi Sun-shin,Hylos,Arlott,Leomord,Zhuxin,Granger,Gatotkaca,0
Masha,Phoveus,Kalea,Granger,Guinevere,Marcel,Baxia,Fanny,Valentina,Chou,Uranus,Harley,Yve,Freya,Grock,Sora,Leomord,Zhuxin,Claude,Gloo,0
Masha,Gloo,Phoveus,Harley,Karrie,Marcel,Baxia,Valentina,Khaleed,Hilda,Freya,Fanny,Yve,Granger,Gatotkaca,Sora,Suyou,Zhuxin,Claude,Kalea,1
Masha,Gloo,Freya,Kalea,Grock,Marcel,Fanny,Valentina,Arlott,Granger,Cici,Baxia,Zhuxin,Obsidia,Chou,Sora,Leomord,Lylia,Karrie,Gatotkaca,1
Marcel,Freya,Fanny,Lunox,Harith,Guinevere,Kalea,Zhuxin,Gloo,Arlott,Valentina,Baxia,Pharsa,Claude,Badang,Masha,Fredrinn,Yve,Karrie,Chip,0
Marcel,Fanny,Chip,Yve,Moskov,Kalea,Guinevere,Valentina,Arlott,Khaleed,Phoveus,Baxia,Kimmy,Karrie,Zhuxin,Edith,Fredrinn,Zetian,Freya,Gloo,1
Fanny,Marcel,Chip,Moskov,Chou,Guinevere,Kalea,Baxia,Phoveus,Arlott,Sora,Uranus,Valentina,Karrie,Zhuxin,Freya,Fredrinn,Yve,Harith,Gloo,0
Phoveus,Fanny,Valentina,Obsidia,Hilda,Freya,Guinevere,Baxia,Marcel,Harith,Lapu-Lapu,Harley,Zhuxin,Claude,Chou,Sora,Leomord,Yve,Moskov,Gloo,0
Phoveus,Fanny,Valentina,Khaleed,Marcel,Guinevere,Freya,Baxia,Alice,Harith,Arlott,Harley,Zhuxin,Claude,Gloo,Sora,Leomord,Yve,Moskov,Chou,1
Phoveus,Fanny,Valentina,Lunox,Zetian,Guinevere,Freya,Gloo,Harith,Yi Sun-shin,Uranus,Leomord,Zhuxin,Obsidia,Gatotkaca,Sora,Harley,Odette,Claude,Kalea,0
Fanny,Zhuxin,Chip,Uranus,Harith,Kalea,Guinevere,Freya,Baxia,Cici,Lapu-Lapu,Harley,Selena,Yi Sun-shin,Marcel,Phoveus,Suyou,Valentina,Moskov,Gloo,0
Kalea,Guinevere,Marcel,Cici,X.Borg,Fanny,Zhuxin,Freya,Zetian,Harith,Masha,Fredrinn,Yve,Karrie,Chip,Sora,Gusion,Valentina,Yi Sun-shin,Grock,1
Masha,Gloo,Sora,Suyou,Cici,Fanny,Baxia,Marcel,Claude,Harith,Alice,Leomord,Zhuxin,Irithel,Khaleed,Lapu-Lapu,Yi Sun-shin,Yve,Freya,Chip,0
Fanny,Sora,Freya,Khaleed,Claude,Marcel,Chip,Zhuxin,Phoveus,Kalea,Lapu-Lapu,Fredrinn,Zetian,Granger,Gloo,Arlott,Guinevere,Pharsa,Yi Sun-shin,Grock,0
Fanny,Guinevere,Freya,Yve,Yi Sun-shin,Marcel,Chip,Kalea,Valentina,Karrie,Cici,Harley,Zhuxin,Obsidia,Khaleed,Sora,Leomord,Pharsa,Harith,Gloo,0
Marcel,Fanny,Valentina,Karrie,Grock,Zhuxin,Freya,Kalea,Chou,Harley,Sora,Baxia,Yve,Yi Sun-shin,Khaleed,Arlott,Guinevere,Pharsa,Claude,Gloo,0
Yve,Guinevere,Freya,Harley,Baxia,Fanny,Arlott,Zhuxin,Karrie,Pharsa,Valentina,Suyou,Lylia,Granger,Gloo,Phoveus,Fredrinn,Vexana,Claude,Marcel,0
Fanny,Guinevere,Sora,Phoveus,Arlott,Zhuxin,Freya,Kalea,Harley,Baxia,Yu Zhong,Lancelot,Zetian,Obsidia,Marcel,Valentina,Suyou,Odette,Harith,Gloo,1
Chip,Fanny,Freya,Zetian,Lylia,Guinevere,Yve,Leomord,Baxia,Harith,Sora,Suyou,Zhuxin,Granger,Khaleed,Arlott,Yi Sun-shin,Valentina,Uranus,Gloo,0
Guinevere,Gloo,Sora,Harley,Belerick,Chip,Fanny,Freya,Uranus,Esmeralda,Arlott,Leomord,Yve,Obsidia,Marcel,Lapu-Lapu,Suyou,Zhuxin,Yi Sun-shin,Gatotkaca,1
Helcurt,Guinevere,Fanny,Granger,Cici,Chip,Gloo,Freya,Arlott,Sora,Alice,Fredrinn,Zhuxin,Karrie,Hylos,Phoveus,Leomord,Zetian,Claude,Marcel,0
Chip,Gloo,Fanny,Baxia,Fredrinn,Helcurt,Guinevere,Zetian,Cici,Marcel,Sora,Leomord,Yve,Freya,Kalea,Phoveus,Lukas,Zhuxin,Karrie,Gatotkaca,1
Guinevere,Fanny,Grock,Zetian,Chip,Zhuxin,Valentina,Marcel,Phoveus,Kalea,Alice,Suyou,Yve,Freya,Hylos,Sora,Leomord,Pharsa,Yi Sun-shin,Gatotkaca,1
Fanny,Guinevere,Karrie,Harley,Joy,Marcel,Kalea,Phoveus,Valentina,Yu Zhong,Cici,Baxia,Kimmy,Freya,Khaleed,Sora,Leomord,Zhuxin,Yi Sun-shin,Gloo,0
Fanny,Guinevere,Sora,Leomord,Hylos,Marcel,Baxia,Yve,Uranus,Alice,Yu Zhong,Yi Sun-shin,Zetian,Freya,Gatotkaca,Phoveus,Harley,Zhuxin,Claude,Gloo,0
Phoveus,Marcel,Baxia,Grock,Gloo,Fanny,Freya,Valentina,Yu Zhong,Lapu-Lapu,Cici,Leomord,Zhuxin,Granger,Kalea,Sora,Guinevere,Zetian,Claude,Hylos,1
Phoveus,Baxia,Marcel,Harith,Yi Sun-shin,Fanny,Freya,Kalea,Valentina,Cici,Lapu-Lapu,Nolan,Zhuxin,Claude,Chou,Sora,Guinevere,Zetian,Karrie,Chip,0
Baxia,Marcel,Chip,Grock,Khaleed,Fanny,Freya,Kalea,Cici,Valentina,Uranus,Leomord,Zhuxin,Harith,Gloo,Sora,Guinevere,Yve,Claude,Chou,1
Guinevere,Gloo,Yve,Khaleed,Chou,Fanny,Freya,Baxia,Selena,Zetian,Arlott,Suyou,Valir,Granger,Marcel,Phoveus,Leomord,Zhuxin,Harith,Hilda,1
Guinevere,Gloo,Phoveus,Khaleed,Hilda,Fanny,Freya,Baxia,Selena,Zetian,Sora,Suyou,Valentina,Yi Sun-shin,Marcel,Arlott,Leomord,Zhuxin,Harith,Khufra,0
Fanny,Guinevere,Freya,Valentina,Pharsa,Marcel,Zhuxin,Sora,X.Borg,Cici,Lapu-Lapu,Leomord,Lylia,Claude,Gloo,Masha,Fredrinn,Yve,Yi Sun-shin,Chip,1
Helcurt,Marcel,Fanny,Zetian,Yve,Freya,Guinevere,Baxia,Harith,Yi Sun-shin,Lapu-Lapu,Suyou,Zhuxin,Karrie,Chip,Sora,Leomord,Valentina,Claude,Gloo,1
Helcurt,Marcel,Fanny,Khaleed,Chou,Chip,Freya,Guinevere,Claude,Harith,Gloo,Suyou,Zhuxin,Yi Sun-shin,Tigreal,Alice,Leomord,Yve,Moskov,Kaja,0
Chip,Guinevere,Karrie,Uranus,Suyou,Marcel,Fanny,Freya,Alice,Valentina,Sora,Leomord,Yve,Moskov,Hylos,Yu Zhong,Baxia,Zhuxin,Harith,Gloo,1
Arlott,Valentina,Gloo,Alice,Sora,Fanny,Marcel,Phoveus,Harley,Cici,Freya,Leomord,Yve,Harith,Grock,Terizla,Guinevere,Zhuxin,Claude,Helcurt,0
Phoveus,Yve,Marcel,Fredrinn,Leomord,Helcurt,Freya,Zhuxin,Gloo,Arlott,Alice,Fanny,Zetian,Claude,Gatotkaca,Uranus,Harley,Pharsa,Moskov,Kalea,1
Fanny,Baxia,Freya,Claude,Moskov,Marcel,Gloo,Zhuxin,Leomord,Guinevere,Phoveus,Yi Sun-shin,Yve,Harith,Gatotkaca,Sora,Harley,Valentina,Granger,Kalea,0
Marcel,Gloo,Leomord,Uranus,Harith,Fanny,Freya,Baxia,Karrie,Granger,Phoveus,Harley,Lylia,Beatrix,Kalea,Alice,Suyou,Zhuxin,Yi Sun-shin,Khaleed,1
Fanny,Guinevere,Freya,Alice,Phoveus,Marcel,Chip,Yi Sun-shin,Granger,Karrie,Arlott,Fredrinn,Zhuxin,Moskov,Khaleed,Sora,Baxia,Kimmy,Claude,Kalea,1
Fanny,Guinevere,Zhuxin,Sora,Phoveus,Chip,Marcel,Yi Sun-shin,Masha,Harley,Freya,Fredrinn,Yve,Moskov,Gloo,Alice,Baxia,Kimmy,Claude,Kalea,1
Guinevere,Phoveus,Fanny,Yi Sun-shin,Marcel,Chip,Gloo,Kalea,Hylos,Khaleed,Freya,Leomord,Yve,Harith,Baxia,Sora,Suyou,Zhuxin,Karrie,Chou,1
Guinevere,Phoveus,Fanny,Harley,Yi Sun-shin,Chip,Gloo,Freya,Zhuxin,Moskov,Terizla,Leomord,Valentina,Harith,Khaleed,Sora,Lancelot,Yve,Claude,Hylos,0
Guinevere,Phoveus,Zhuxin,Valentina,Pharsa,Chip,Gloo,Freya,Harith,Claude,Terizla,Fanny,Yve,Karrie,Gatotkaca,Sora,Leomord,Kadita,Moskov,Kalea,0
Chip,Guinevere,Sora,Harley,Suyou,Marcel,Fanny,Freya,Arlott,Kalea,Alice,Fredrinn,Zhuxin,Moskov,Khaleed,Yu Zhong,Baxia,Yve,Claude,Gloo,1
Chip,Guinevere,Sora,Harley,Baxia,Marcel,Fanny,Freya,Arlott,Khaleed,Alice,Fredrinn,Zhuxin,Moskov,Hilda,Cici,Uranus,Zetian,Claude,Gloo,1
Helcurt,Chip,Phoveus,Marcel,Arlott,Fanny,Guinevere,Sora,Harley,Harith,Lapu-Lapu,Yi Sun-shin,Zhuxin,Brody,Kalea,Gloo,Fredrinn,Yve,Freya,Valir,1
Helcurt,Chip,Marcel,Leomord,Harith,Freya,Kalea,Fanny,Valentina,Phoveus,Uranus,Yi Sun-shin,Zhuxin,Claude,Khaleed,Sora,Harley,Yve,Granger,Gloo,0
Helcurt,Chip,Marcel,Sora,Claude,Freya,Kalea,Fanny,Uranus,Arlott,Lapu-Lapu,Guinevere,Zhuxin,Yi Sun-shin,Khaleed,Alice,Harley,Zetian,Moskov,Gloo,1
Chip,Gloo,Zhuxin,Phoveus,Marcel,Guinevere,Harley,Fanny,Suyou,Yu Zhong,Lapu-Lapu,Leomord,Valentina,Freya,Kalea,Sora,Fredrinn,Yve,Claude,Valir,1
Guinevere,Kalea,Harley,Yi Sun-shin,Sora,Chip,Freya,Gloo,Fredrinn,Leomord,Phoveus,Suyou,Zhuxin,Moskov,Hylos,Terizla,Fanny,Yve,Bruno,Marcel,0
Chip,Guinevere,Baxia,Uranus,Lapu-Lapu,Fanny,Marcel,Freya,Harith,Yi Sun-shin,Sora,Leomord,Yve,Obsidia,Gloo,Phoveus,Harley,Zhuxin,Moskov,Khaleed,0
Fanny,Marcel,Freya,Moskov,Harith,Chip,Guinevere,Baxia,Uranus,Gloo,Lapu-Lapu,Harley,Yve,Karrie,Kalea,Phoveus,Leomord,Zhuxin,Yi Sun-shin,Khaleed,0
Fanny,Marcel,Freya,Yve,Zetian,Chip,Guinevere,Harley,Phoveus,Lapu-Lapu,Yu Zhong,Baxia,Zhuxin,Moskov,Khaleed,Terizla,Leomord,Valentina,Harith,Gloo,0
Chip,Marcel,Helcurt,Alice,Uranus,Guinevere,Fanny,Baxia,Khaleed,Harith,Phoveus,Suyou,Zhuxin,Yi Sun-shin,Gloo,Freya,Harley,Yve,Cici,Valir,1
Guinevere,Marcel,Fanny,Phoveus,Yve,Chip,Helcurt,Harley,Alice,Valir,Lapu-Lapu,Leomord,Zhuxin,Moskov,Khaleed,Arlott,Suyou,Lunox,Freya,Gloo,0
Baxia,Guinevere,Freya,Suyou,Arlott,Hilda,Fredrinn,Sora,Harith,Karrie,Alice,Leomord,Yve,Moskov,Khaleed,Lapu-Lapu,Balmond,Zhuxin,Claude,Grock,1
Hilda,Yve,Sora,Karrie,Leomord,Freya,Guinevere,Fredrinn,Kalea,Chou,Lapu-Lapu,Baxia,Zhuxin,Harith,Grock,Gloo,Hayabusa,Zetian,Claude,Khaleed,1
Baxia,Freya,Fredrinn,Harith,Kimmy,Hilda,Sora,Yve,Hylos,Khaleed,Lapu-Lapu,Suyou,Zhuxin,Karrie,Gatotkaca,Arlott,Leomord,Pharsa,Lesley,Grock,1
Fanny,Valentina,Sora,Pharsa,Kimmy,Baxia,Zhuxin,Freya,Hilda,Guinevere,Phoveus,Leomord,Yve,Claude,Marcel,Yu Zhong,Harley,Zetian,Yi Sun-shin,Kalea,0
Baxia,Kalea,Karrie,Sora,Kimmy,Fanny,Zhuxin,Freya,Yi Sun-shin,Harith,Phoveus,Suyou,Yve,Moskov,Hilda,Gloo,Leomord,Valentina,Claude,Khaleed,0
Valentina,Kalea,Karrie,Sora,Harith,Fanny,Zhuxin,Freya,Hilda,Grock,Yu Zhong,Leomord,Yve,Claude,Gatotkaca,Phoveus,Suyou,Pharsa,Yi Sun-shin,Khaleed,1
Hilda,Valentina,Fanny,Phoveus,Karrie,Freya,Zhuxin,Grock,Pharsa,Harley,Sora,Suyou,Zetian,Claude,Kalea,Lapu-Lapu,Baxia,Yve,Hanabi,Marcel,1
Grock,Valentina,Zetian,Moskov,Phoveus,Freya,Zhuxin,Kalea,Khaleed,Hylos,Sora,Fanny,Yve,Harith,Chou,Arlott,Leomord,Pharsa,Claude,Hilda,0
Fanny,Hilda,Sora,Karrie,Yi Sun-shin,Fredrinn,Zhuxin,Baxia,Grock,Alice,Lapu-Lapu,Guinevere,Kimmy,Freya,Hylos,Phoveus,Leomord,Yve,Moskov,Marcel,1
Fredrinn,Yve,Zhuxin,Badang,Arlott,Hilda,Fanny,Freya,Karrie,Gloo,Cici,Guinevere,Lunox,Sora,Gatotkaca,Lapu-Lapu,Baxia,Kimmy,Claude,Grock,0
Fredrinn,Hilda,Claude,Harith,Moskov,Freya,Baxia,Kalea,Guinevere,Suyou,Uranus,Nolan,Yve,Karrie,Khaleed,Lapu-Lapu,Leomord,Zhuxin,Granger,Hylos,0
Kalea,Baxia,Valentina,Phoveus,Uranus,Freya,Fredrinn,Zhuxin,Gatotkaca,Hilda,Sora,Suyou,Yve,Harith,Khaleed,Alice,Leomord,Pharsa,Claude,Hylos,1
Baxia,Fanny,Hilda,Phoveus,Arlott,Zhuxin,Leomord,Freya,Kalea,Sora,Alice,Suyou,Valentina,Harith,Marcel,Lapu-Lapu,Fredrinn,Yve,Karrie,Khaleed,1
Baxia,Fanny,Hilda,Fredrinn,Guinevere,Zhuxin,Leomord,Freya,Marcel,Alice,Esmeralda,Suyou,Valentina,Claude,Grock,Phoveus,Nolan,Yve,Harith,Kalea,0
Valentina,Kalea,Suyou,Claude,Harith,Freya,Zhuxin,Fanny,Cici,Kimmy,Alice,Leomord,Zetian,Yi Sun-shin,Grock,Sora,Baxia,Yve,Moskov,Marcel,0
Valentina,Yve,Karrie,Cici,Marcel,Fanny,Zhuxin,Freya,Harley,Leomord,Sora,Guinevere,Lylia,Yi Sun-shin,Kalea,Lapu-Lapu,Baxia,Pharsa,Claude,Khaleed,1
Fanny,Kalea,Phoveus,Luo Yi,Yu Zhong,Zhuxin,Freya,Guinevere,Suyou,Lancelot,Sora,Hayabusa,Valentina,Harith,Chou,Lapu-Lapu,Leomord,Valir,Claude,Gloo,1
Valentina,Kalea,Guinevere,Baxia,Zetian,Zhuxin,Freya,Fanny,Phoveus,Leomord,Terizla,Suyou,Yve,Claude,Chou,Sora,Fredrinn,Kimmy,Harith,Khaleed,0
Fanny,Baxia,Marcel,Yve,Lapu-Lapu,Freya,Zhuxin,Kalea,Suyou,Leomord,Phoveus,Harley,Valentina,Karrie,Khaleed,Cici,Fredrinn,Kimmy,Claude,Hilda,1
Yi Sun-shin,Kalea,Grock,Harley,Claude,Fanny,Baxia,Zhuxin,Hylos,Marcel,Lapu-Lapu,Suyou,Kimmy,Freya,Chip,Phoveus,Leomord,Valentina,Karrie,Khaleed,1
Fanny,Baxia,Marcel,Guinevere,Yve,Freya,Kalea,Zhuxin,Karrie,Yi Sun-shin,Gloo,Harley,Valentina,Granger,Hilda,Phoveus,Leomord,Vexana,Claude,Khaleed,1
Valentina,Kalea,Karrie,Harith,Baxia,Zhuxin,Fanny,Freya,Lylia,Valir,Hylos,Leomord,Kimmy,Sora,Chou,Phoveus,Harley,Yve,Claude,Marcel,0
Kalea,Fanny,Yve,Harith,Yi Sun-shin,Zhuxin,Freya,Marcel,Karrie,Claude,Sora,Harley,Valentina,Cici,Baxia,Phoveus,Leomord,Pharsa,Obsidia,Hilda,1
Yve,Leomord,Gatotkaca,Luo Yi,Lapu-Lapu,Freya,Zhuxin,Guinevere,Kalea,Hylos,Phoveus,Baxia,Valentina,Claude,Hilda,Sora,Fredrinn,Pharsa,Karrie,Khaleed,1
Guinevere,Baxia,Fredrinn,Uranus,Yi Sun-shin,Freya,Sora,Leomord,Phoveus,Esmeralda,Yu Zhong,Harley,Yve,Claude,Hylos,Lapu-Lapu,Fanny,Zhuxin,Harith,Khaleed,1
Leomord,Zhuxin,Gatotkaca,Sora,Kalea,Freya,Guinevere,Yve,Luo Yi,Cici,Lapu-Lapu,Fredrinn,Valir,Claude,Gloo,Benedetta,Baxia,Valentina,Karrie,Hylos,0
Grock,Fanny,Harley,Hylos,Gatotkaca,Zhuxin,Freya,Baxia,Fredrinn,Guinevere,Gloo,Leomord,Valentina,Karrie,Kalea,Phoveus,Suyou,Yve,Moskov,Chou,1
Baxia,Kalea,Phoveus,Arlott,Moskov,Freya,Valentina,Zhuxin,Pharsa,Lylia,Sora,Fanny,Zetian,Yi Sun-shin,Hilda,Lapu-Lapu,Fredrinn,Yve,Brody,Khaleed,0
Baxia,Guinevere,Hylos,Lapu-Lapu,Grock,Hilda,Kalea,Phoveus,Yve,Valentina,Gloo,Harley,Gord,Freya,Khaleed,Sora,Fredrinn,Zhuxin,Karrie,Chou,0
Hilda,Phoveus,Khaleed,Kimmy,Uranus,Baxia,Freya,Zhuxin,Hylos,Lapu-Lapu,Sora,Fredrinn,Valentina,Harith,Grock,Alice,Harley,Gord,Yi Sun-shin,Kalea,1
Baxia,Gatotkaca,Leomord,Karrie,Yu Zhong,Freya,Kalea,Valentina,Guinevere,Khaleed,Sora,Suyou,Yve,Claude,Gloo,Phoveus,Harley,Zhuxin,Moskov,Hylos,1
Suyou,Kalea,Valentina,Zhuxin,Arlott,Freya,Leomord,Baxia,Fredrinn,Gatotkaca,Sora,Guinevere,Yve,Claude,Khaleed,Phoveus,Harley,Pharsa,Karrie,Hylos,1
Baxia,Leomord,Gatotkaca,Hylos,Arlott,Freya,Suyou,Kalea,Kaja,Sora,Uranus,Harley,Valentina,Karrie,Hilda,Yu Zhong,Fredrinn,Yve,Claude,Chou,0
Hilda,Yve,Guinevere,Gloo,Khaleed,Grock,Zhuxin,Valentina,Harith,Chip,Lapu-Lapu,Baxia,Kimmy,Freya,Gatotkaca,Sora,Leomord,Pharsa,Karrie,Kalea,1
Zhuxin,Freya,Phoveus,Hylos,Harith,Hilda,Baxia,Guinevere,Grock,Gloo,Sora,Leomord,Valentina,Karrie,Kalea,Lapu-Lapu,Fredrinn,Kimmy,Wanwan,Khaleed,1
Hilda,Guinevere,Yve,Kalea,Khaleed,Grock,Zhuxin,Baxia,Hylos,Gatotkaca,Lapu-Lapu,Fredrinn,Kimmy,Freya,Chip,Phoveus,Uranus,Valentina,Karrie,Kaja,0
Marcel,Suyou,Sora,Khaleed,Cici,Freya,Fanny,Kalea,Arlott,Moskov,Yu Zhong,Baxia,Zhuxin,Yi Sun-shin,Chou,Lapu-Lapu,Harley,Yve,Claude,Gloo,1
Fanny,Yve,Freya,Cici,Alice,Kalea,Suyou,Sora,Harith,Karrie,Gloo,Leomord,Zhuxin,Moskov,Chou,Uranus,Baxia,Kimmy,Yi Sun-shin,Khaleed,0
Fanny,Gloo,Marcel,Karrie,Harith,Zhuxin,Baxia,Freya,Harley,Suyou,Phoveus,Leomord,Yve,Claude,Hylos,Sora,Fredrinn,Valentina,Hanabi,Khaleed,1
Baxia,Fredrinn,Yve,Zetian,Harley,Freya,Marcel,Zhuxin,Fanny,Uranus,Gloo,Suyou,Valentina,Karrie,Kalea,Phoveus,Guinevere,Pharsa,Claude,Gatotkaca,0
Hilda,Phoveus,Karrie,Guinevere,Alice,Suyou,Sora,Freya,Khaleed,Chou,Arlott,Baxia,Yve,Harith,Marcel,Lapu-Lapu,Harley,Zhuxin,Claude,Gloo,0
Suyou,Sora,Phoveus,Karrie,Harith,Freya,Baxia,Zhuxin,Hilda,Kaja,Arlott,Harley,Zetian,Claude,Gatotkaca,Uranus,Fanny,Valentina,Obsidia,Kalea,1
Baxia,Yve,Phoveus,Gatotkaca,Hylos,Freya,Zhuxin,Marcel,Fredrinn,Suyou,Uranus,Harley,Valentina,Karrie,Kalea,Arlott,Guinevere,Pharsa,Claude,Gloo,0
Fanny,Zhuxin,Karrie,Arlott,Suyou,Baxia,Guinevere,Freya,Sora,Selena,Alice,Harley,Valentina,Yi Sun-shin,Marcel,Phoveus,Leomord,Yve,Claude,Khaleed,1
Baxia,Fredrinn,Leomord,Arlott,Guinevere,Freya,Fanny,Marcel,Gloo,Sora,Lapu-Lapu,Harley,Lylia,Yi Sun-shin,Chou,Uranus,Lancelot,Zhuxin,Claude,Khaleed,0
Fanny,Marcel,Phoveus,Karrie,Gloo,Baxia,Leomord,Freya,Yu Zhong,Khaleed,Uranus,Harley,Yve,Claude,Hylos,Arlott,Guinevere,Zhuxin,Obsidia,Gatotkaca,1
Kalea,Harley,Freya,Hilda,Gloo,Guinevere,Baxia,Zhuxin,Lapu-Lapu,Selena,Alice,Suyou,Pharsa,Yi Sun-shin,Marcel,Phoveus,Leomord,Valentina,Claude,Khaleed,1
Guinevere,Baxia,Marcel,Vexana,Gatotkaca,Zhuxin,Freya,Harley,Leomord,Alice,Gloo,Yi Sun-shin,Valentina,Harith,Grock,Phoveus,Suyou,Kimmy,Claude,Kalea,0
Sora,Phoveus,Karrie,Arlott,Chou,Fanny,Baxia,Gloo,Harith,Harley,Uranus,Suyou,Lylia,Freya,Khaleed,Benedetta,Guinevere,Zhuxin,Yi Sun-shin,Grock,1
Fanny,Lylia,Phoveus,Kimmy,Uranus,Sora,Baxia,Freya,Hilda,Chou,Lapu-Lapu,Guinevere,Zhuxin,Harith,Gloo,Alice,Harley,Valentina,Yi Sun-shin,Khaleed,0
Baxia,Guinevere,Phoveus,Kimmy,Pharsa,Freya,Zhuxin,Fanny,Kalea,Hilda,Sora,Harley,Valentina,Yi Sun-shin,Khaleed,Arlott,Suyou,Lylia,Granger,Marcel,0
Fanny,Zhuxin,Karrie,Hilda,Kalea,Baxia,Guinevere,Freya,Granger,Phoveus,Uranus,Suyou,Pharsa,Moskov,Marcel,Sora,Harley,Valentina,Claude,Gatotkaca,1
Fanny,Chou,Gloo,Harley,Suyou,Marcel,Sora,Yve,Phoveus,Zetian,Lapu-Lapu,Baxia,Pharsa,Karrie,Khaleed,Freya,Nolan,Zhuxin,Yi Sun-shin,Kalea,0
Marcel,Sora,Gloo,Leomord,Guinevere,Fanny,Zhuxin,Freya,Yi Sun-shin,Claude,Phoveus,Baxia,Valir,Clint,Kalea,Valentina,Harley,Zetian,Karrie,Chou,1
Baxia,Phoveus,Leomord,Karrie,Moskov,Fanny,Marcel,Sora,Suyou,Valentina,Uranus,Hayabusa,Yve,Freya,Khaleed,Arlott,Harley,Zhuxin,Claude,Hilda,0
Fanny,Sora,Baxia,Phoveus,Suyou,Leomord,Freya,Uranus,Yi Sun-shin,Claude,Arlott,Harley,Yve,Granger,Khaleed,Alice,Hayabusa,Zhuxin,Karrie,Marcel,0
Fanny,Sora,Marcel,Baxia,Hayabusa,Leomord,Freya,Uranus,Valentina,Pharsa,Phoveus,Harley,Yve,Claude,Khaleed,Alice,Suyou,Zhuxin,Karrie,Kalea,1
Fanny,Zhuxin,Harley,Harith,Sora,Baxia,Freya,Phoveus,Alice,Uranus,Arlott,Suyou,Pharsa,Claude,Kalea,Valentina,Leomord,Zetian,Karrie,Marcel,1
Baxia,Phoveus,Kalea,Alice,Sora,Freya,Zhuxin,Suyou,Arlott,Granger,Yu Zhong,Guinevere,Pharsa,Yi Sun-shin,Marcel,Uranus,Harley,Valentina,Moskov,Hilda,0
Marcel,Phoveus,Gloo,Uranus,Kimmy,Freya,Zhuxin,Baxia,Hylos,Gatotkaca,Sora,Suyou,Valentina,Claude,Grock,Lapu-Lapu,Guinevere,Pharsa,Karrie,Kalea,1
Guinevere,Baxia,Phoveus,Uranus,Yi Sun-shin,Freya,Marcel,Zhuxin,Sora,Gloo,Arlott,Harley,Valentina,Claude,Gatotkaca,Alice,Suyou,Kimmy,Granger,Kalea,1
Marcel,Phoveus,Gloo,Kimmy,Khaleed,Freya,Zhuxin,Baxia,Harley,Suyou,Sora,Leomord,Valentina,Moskov,Grock,Alice,Fanny,Luo Yi,Claude,Guinevere,0
Fanny,Harley,Baxia,Karrie,Uranus,Sora,Leomord,Phoveus,Alice,Guinevere,Freya,Fredrinn,Yve,Harith,Khaleed,Yu Zhong,Suyou,Zhuxin,Granger,Kalea,1
Sora,Leomord,Phoveus,Kalea,Hilda,Fanny,Freya,Baxia,Yve,Yi Sun-shin,Alice,Harley,Luo Yi,Karrie,Khaleed,Uranus,Suyou,Zhuxin,Claude,Hylos,0
Suyou,Fanny,Kalea,Karrie,Claude,Zhuxin,Freya,Phoveus,Hylos,Chou,Lapu-Lapu,Baxia,Kimmy,Granger,Gatotkaca,Sora,Joy,Valentina,Yi Sun-shin,Khaleed,1
Suyou,Fanny,Phoveus,Karrie,Claude,Zhuxin,Freya,Kalea,Chou,Hylos,Lapu-Lapu,Baxia,Kimmy,Harith,Badang,Sora,Harley,Valentina,Moskov,Khaleed,1
Baxia,Valentina,Kalea,Suyou,Harley,Freya,Marcel,Fanny,Gloo,Claude,Sora,Guinevere,Zhuxin,Granger,Chou,Phoveus,Leomord,Yve,Harith,Khaleed,1
Kalea,Sora,Marcel,Hilda,Gloo,Zhuxin,Freya,Fanny,Chou,Harith,Phoveus,Suyou,Valentina,Yi Sun-shin,Gatotkaca,Uranus,Leomord,Pharsa,Karrie,Guinevere,0
Baxia,Fanny,Guinevere,Zetian,Kimmy,Freya,Marcel,Zhuxin,Hylos,Grock,Sora,Suyou,Valentina,Karrie,Gloo,Phoveus,Leomord,Pharsa,Yi Sun-shin,Hilda,1
Baxia,Guinevere,Fanny,Masha,Yu Zhong,Freya,Marcel,Zhuxin,Gloo,Karrie,Sora,Suyou,Valentina,Granger,Hylos,Benedetta,Fredrinn,Kimmy,Yi Sun-shin,Hilda,1
Baxia,Uranus,Marcel,Kalea,Harley,Freya,Zhuxin,Fanny,Alice,Karrie,Sora,Yi Sun-shin,Yve,Harith,Hylos,Phoveus,Joy,Gord,Claude,Guinevere,1
Fanny,Valentina,Phoveus,Selena,Lylia,Freya,Marcel,Zhuxin,Hilda,Hylos,Sora,Leomord,Yve,Granger,Belerick,Gatotkaca,Yi Sun-shin,Lunox,Harith,Kalea,0
Marcel,Phoveus,Moskov,Hayabusa,Leomord,Freya,Grock,Fanny,Hilda,Gloo,Yu Zhong,Nolan,Zhuxin,Claude,Hylos,Sora,Harley,Valentina,Harith,Khaleed,1
Grock,Kalea,Phoveus,Hilda,Hylos,Freya,Zhuxin,Marcel,Fredrinn,Leomord,Sora,Guinevere,Valentina,Moskov,Chou,Yu Zhong,Fanny,Kimmy,Harith,Gatotkaca,1
Marcel,Phoveus,Guinevere,Harley,Uranus,Zhuxin,Freya,Sora,Hilda,Khaleed,Lapu-Lapu,Leomord,Valentina,Claude,Gloo,Benedetta,Baxia,Yve,Moskov,Chou,0
Fanny,Sora,Gloo,Harley,Khaleed,Freya,Zhuxin,Baxia,Suyou,Masha,Lapu-Lapu,Uranus,Kimmy,Claude,Marcel,Phoveus,Yi Sun-shin,Valentina,Lunox,Kalea,1
Baxia,Fredrinn,Marcel,Karrie,Masha,Freya,Zhuxin,Sora,Harith,Gloo,Uranus,Fanny,Zetian,Claude,Guinevere,Benedetta,Akai,Pharsa,Moskov,Kalea,1
Fanny,Sora,Gloo,Phoveus,Yu Zhong,Freya,Zhuxin,Marcel,Masha,Benedetta,Esmeralda,Baxia,Valentina,Obsidia,Khaleed,Lapu-Lapu,Suyou,Yve,Karrie,Chou,0
Kalea,Chou,Moskov,Fredrinn,Guinevere,Freya,Zhuxin,Marcel,Yve,Phoveus,Gloo,Fanny,Zetian,Yi Sun-shin,Hilda,Sora,Lancelot,Valentina,Cici,Grock,1
Kalea,Chou,Karrie,Khaleed,Baxia,Marcel,Fanny,Yve,Hilda,Leomord,Uranus,Yi Sun-shin,Zetian,Freya,Gloo,Phoveus,Harley,Zhuxin,Claude,Kaja,0
Marcel,Gloo,Phoveus,Kalea,Kaja,Zhuxin,Fanny,Guinevere,Yi Sun-shin,Harley,Sora,Nolan,Yve,Freya,Chou,Benedetta,Baxia,Kimmy,Karrie,Gatotkaca,1
Baxia,Guinevere,Valentina,Kalea,Zetian,Freya,Zhuxin,Marcel,Leomord,Suyou,Sora,Nolan,Yve,Harith,Chou,Benedetta,Fredrinn,Pharsa,Karrie,Badang,1
Marcel,Grock,Sora,Harith,Nolan,Freya,Zhuxin,Guinevere,Kalea,Baxia,Phoveus,Uranus,Yve,Moskov,Khaleed,Lapu-Lapu,Leomord,Valentina,Karrie,Chou,0
Chou,Sora,Kalea,Harley,Leomord,Freya,Fanny,Zhuxin,Harith,Uranus,Gatotkaca,Yi Sun-shin,Yve,Granger,Gloo,Arlott,Guinevere,Valentina,Claude,Marcel,0
Fanny,Yi Sun-shin,Kalea,Arlott,Phoveus,Freya,Zhuxin,Marcel,Suyou,Harley,Sora,Hayabusa,Valentina,Harith,Chou,Gloo,Guinevere,Lunox,Claude,Khufra,0
Sora,Marcel,Kalea,Arlott,Uranus,Freya,Fanny,Zhuxin,Claude,Grock,Hylos,Guinevere,Kimmy,Moskov,Gloo,Alice,Yi Sun-shin,Yve,Karrie,Chou,0
Baxia,Sora,Gloo,Kimmy,Obsidia,Freya,Zhuxin,Yve,Hilda,Kalea,Uranus,Fanny,Pharsa,Hanabi,Guinevere,Phoveus,Fredrinn,Lunox,Claude,Marcel,1
Baxia,Sora,Gloo,Masha,Arlott,Freya,Zhuxin,Yve,Guinevere,Hilda,Terizla,Fanny,Pharsa,Claude,Chou,Benedetta,Fredrinn,Valentina,Obsidia,Marcel,1
Sora,Gloo,Fanny,Lylia,Zetian,Marcel,Freya,Zhuxin,Masha,Phoveus,Cici,Baxia,Yve,Granger,Khaleed,Benedetta,Guinevere,Valentina,Harith,Chou,0
Marcel,Hilda,Fanny,Karrie,Claude,Freya,Benedetta,Sora,Suyou,Uranus,Yu Zhong,Yi Sun-shin,Zhuxin,Harith,Chou,Lapu-Lapu,Guinevere,Lylia,Granger,Gloo,0
Marcel,Hilda,Fanny,Granger,Karrie,Freya,Benedetta,Sora,Yu Zhong,Uranus,Alice,Yi Sun-shin,Zhuxin,Claude,Chou,Cici,Guinevere,Yve,Obsidia,Gloo,0
Baxia,Kalea,Guinevere,Alice,Esmeralda,Freya,Fanny,Yi Sun-shin,Karrie,Harith,Phoveus,Leomord,Yve,Granger,Gloo,Uranus,Joy,Zhuxin,Claude,Khaleed,1
Kalea,Yve,Yi Sun-shin,Karrie,Moskov,Freya,Baxia,Fanny,Suyou,Alice,Uranus,Leomord,Zhuxin,Claude,Gloo,Benedetta,Guinevere,Zetian,Granger,Khaleed,1
Kalea,Guinevere,Claude,Phoveus,Uranus,Freya,Fanny,Yi Sun-shin,Lancelot,Khaleed,Gatotkaca,Nolan,Zhuxin,Harith,Chip,Sora,Baxia,Yve,Karrie,Gloo,1
Fanny,Gloo,Guinevere,Kalea,Claude,Freya,Zhuxin,Sora,Harley,Nolan,Phoveus,Leomord,Zetian,Granger,Marcel,Uranus,Suyou,Valentina,Harith,Hilda,0
Chou,Guinevere,Yve,Phoveus,Alice,Fanny,Freya,Zhuxin,Claude,Harith,Sora,Suyou,Valentina,Karrie,Gatotkaca,Gloo,Nolan,Pharsa,Yi Sun-shin,Kalea,0
Fanny,Gloo,Uranus,Phoveus,Yu Zhong,Freya,Zhuxin,Sora,Kalea,Marcel,Arlott,Guinevere,Kimmy,Claude,Hylos,Lapu-Lapu,Baxia,Valentina,Harith,Chou,1
Benedetta,Guinevere,Baxia,Yi Sun-shin,Harley,Zhuxin,Fanny,Freya,Granger,Obsidia,Phoveus,Suyou,Pharsa,Harith,Chou,Sora,Leomord,Valentina,Claude,Khaleed,1
Fanny,Phoveus,Sora,Esmeralda,Uranus,Benedetta,Freya,Zhuxin,Zetian,Kimmy,Lapu-Lapu,Baxia,Martis,Harith,Chou,Cici,Harley,Pharsa,Granger,Guinevere,0
Uranus,Gloo,Guinevere,Pharsa,Luo Yi,Freya,Zhuxin,Marcel,Phoveus,Chou,Sora,Leomord,Valentina,Moskov,Grock,Gatotkaca,Fanny,Zetian,Karrie,Kalea,0
Kalea,Phoveus,Harith,Arlott,Uranus,Freya,Fanny,Zhuxin,Joy,Alice,Yu Zhong,Guinevere,Valentina,Moskov,Khaleed,Gloo,Suyou,Luo Yi,Claude,Hilda,1
Fanny,Valentina,Harley,Suyou,Karrie,Zhuxin,Benedetta,Chip,Khaleed,Kalea,Gloo,Yi Sun-shin,Lylia,Freya,Guinevere,Phoveus,Baxia,Yve,Claude,Chou,0
Benedetta,Gloo,Chou,Uranus,Sora,Fanny,Freya,Baxia,Phoveus,Guinevere,Arlott,Leomord,Zhuxin,Yi Sun-shin,Hilda,Yu Zhong,Harley,Valentina,Claude,Khaleed,0
Freya,Fanny,Baxia,Harith,Claude,Zhuxin,Benedetta,Harley,Alice,Phoveus,Sora,Guinevere,Valentina,Karrie,Kalea,Uranus,Leomord,Pharsa,Yi Sun-shin,Marcel,0
Kalea,Sora,Chou,Arlott,Karrie,Fanny,Freya,Gloo,Khaleed,Hilda,Uranus,Suyou,Zhuxin,Moskov,Gatotkaca,Lapu-Lapu,Harley,Zetian,Claude,Guinevere,1
Fanny,Uranus,Yve,Zetian,Pharsa,Freya,Sora,Chou,Alice,Phoveus,Lapu-Lapu,Harley,Zhuxin,Claude,Khaleed,Arlott,Guinevere,Lylia,Karrie,Gloo,0
Guinevere,Fredrinn,Baxia,Marcel,Gloo,Freya,Fanny,Chip,Alice,Valentina,Lapu-Lapu,Harley,Zhuxin,Karrie,Kalea,Sora,Uranus,Yve,Obsidia,Khaleed,0
Fanny,Phoveus,Uranus,Zetian,Zhuxin,Guinevere,Baxia,Freya,Khaleed,Arlott,Masha,Fredrinn,Valentina,Claude,Chip,Benedetta,Leomord,Luo Yi,Yi Sun-shin,Gloo,1
Yi Sun-shin,Guinevere,Fanny,Claude,Harith,Freya,Zhuxin,Gloo,Harley,Suyou,Uranus,Nolan,Yve,Moskov,Khaleed,Alice,Baxia,Kimmy,Granger,Marcel,0
Gloo,Valentina,Freya,Sora,Uranus,Marcel,Fanny,Yi Sun-shin,Alice,Gatotkaca,Phoveus,Suyou,Zhuxin,Claude,Khaleed,Yu Zhong,Leomord,Yve,Harith,Hilda,1
Fanny,Uranus,Phoveus,Karrie,Claude,Sora,Guinevere,Chou,Khaleed,Arlott,Alice,Leomord,Yve,Freya,Hilda,Cici,Harley,Zhuxin,Yi Sun-shin,Gloo,0
Sora,Chou,Kalea,Harith,Alice,Fanny,Freya,Uranus,Khaleed,Arlott,Phoveus,Suyou,Lylia,Claude,Guinevere,Gloo,Harley,Zhuxin,Yi Sun-shin,Hilda,1
Fanny,Harley,Valentina,Leomord,Alice,Freya,Chip,Baxia,Benedetta,Sora,Lapu-Lapu,Uranus,Lylia,Harith,Marcel,Hilda,Yi Sun-shin,Zhuxin,Granger,Khaleed,0
Chip,Freya,Baxia,Arlott,Sora,Fanny,Marcel,Leomord,Alice,Uranus,Gatotkaca,Yi Sun-shin,Zhuxin,Claude,Khaleed,Phoveus,Guinevere,Yve,Obsidia,Gloo,0
Chip,Guinevere,Freya,Pharsa,Vexana,Fanny,Marcel,Zhuxin,Valentina,Harith,Phoveus,Suyou,Yve,Yi Sun-shin,Gloo,Sora,Baxia,Faramis,Claude,Chou,0
Fanny,Gloo,Freya,Marcel,Gatotkaca,Baxia,Benedetta,Harley,Phoveus,Karrie,Alice,Leomord,Zhuxin,Claude,Khaleed,Uranus,Guinevere,Valentina,Moskov,Kalea,0
Baxia,Benedetta,Harley,Yve,Zetian,Freya,Fanny,Gloo,Gatotkaca,Khaleed,Yu Zhong,Suyou,Zhuxin,Karrie,Hilda,Uranus,Guinevere,Lylia,Moskov,Marcel,1
Yu Zhong,Hilda,Kalea,Khaleed,Grock,Baxia,Zhuxin,Valentina,Fredrinn,Guinevere,Phoveus,Leomord,Kimmy,Claude,Marcel,Sora,Harley,Zetian,Yi Sun-shin,Hylos,0
Hilda,Kalea,Khaleed,Grock,Yu Zhong,Zhuxin,Baxia,Valentina,Kimmy,Fredrinn,Gloo,Uranus,Yve,Claude,Marcel,Phoveus,Harley,Zetian,Karrie,Guinevere,1
Zetian,Kimmy,Guinevere,Baxia,Phoveus,Leomord,Kalea,Sora,Zhuxin,Yu Zhong,Alice,Suyou,Valentina,Freya,Hylos,Lapu-Lapu,Fredrinn,Yve,Claude,Hilda,0
Fredrinn,Baxia,Harley,Guinevere,Suyou,Marcel,Hylos,Cici,Yve,Zhuxin,Lapu-Lapu,Leomord,Zetian,Freya,Chip,Phoveus,Joy,Kimmy,Karrie,Kalea,0
Marcel,Kalea,Hilda,Khaleed,Hylos,Guinevere,Baxia,Freya,Karrie,Lesley,Lapu-Lapu,Leomord,Zhuxin,Yi Sun-shin,Gloo,Phoveus,Harley,Kimmy,Claude,Chou,1
Fanny,Moskov,Hilda,Karrie,Guinevere,Marcel,Harley,Zhuxin,Freya,Yve,Gloo,Nolan,Lylia,Claude,Kalea,Sora,Baxia,Valentina,Harith,Grock,0
Fanny,Guinevere,Baxia,Kalea,Hilda,Marcel,Grock,Zhuxin,Freya,Hylos,Cici,Harley,Valentina,Karrie,Gatotkaca,Phoveus,Fredrinn,Kimmy,Moskov,Lolita,1
Karrie,Obsidia,Marcel,Kalea,Grock,Zhuxin,Sora,Baxia,Guinevere,Fanny,Hylos,Leomord,Kimmy,Freya,Gloo,Phoveus,Harley,Valentina,Granger,Chou,0
Pharsa,Kalea,Yve,Phoveus,Chou,Guinevere,Hilda,Marcel,Zhuxin,Khaleed,Lapu-Lapu,Baxia,Valentina,Claude,Grock,Yu Zhong,Leomord,Gord,Karrie,Gloo,1
Khaleed,Yve,Hilda,Marcel,Harley,Kalea,Uranus,Kimmy,Zhuxin,Gloo,Cici,Guinevere,Pharsa,Karrie,Grock,Phoveus,Suyou,Zetian,Claude,Hylos,1
Gloo,Kalea,Karrie,Phoveus,Yve,Hilda,Marcel,Hylos,Zhuxin,Khaleed,Lapu-Lapu,Baxia,Kimmy,Freya,Chou,Sora,Guinevere,Lunox,Claude,Grock,0
Kalea,Yve,Marcel,Phoveus,Grock,Yu Zhong,Baxia,Freya,Harley,Sora,Uranus,Fredrinn,Zhuxin,Claude,Hilda,Alice,Guinevere,Zetian,Karrie,Hylos,1
Hilda,Khaleed,Sora,Harley,Zhuxin,Baxia,Freya,Guinevere,Marcel,Akai,Gloo,Alice,Lunox,Karrie,Grock,Phoveus,Fredrinn,Valentina,Claude,Chou,1
Baxia,Kalea,Yve,Grock,Valentina,Zhuxin,Fredrinn,Freya,Marcel,Hayabusa,Sora,Akai,Kimmy,Yi Sun-shin,Hilda,Gloo,Guinevere,Lunox,Karrie,Kaja,1
Yve,Hylos,Kalea,Marcel,Gloo,Hilda,Harley,Guinevere,Valentina,Yi Sun-shin,Phoveus,Fanny,Zhuxin,Freya,Gatotkaca,Alice,Suyou,Kimmy,Claude,Chou,0
Claude,Yve,Kalea,Marcel,Harith,Harley,Valentina,Guinevere,Yu Zhong,Gloo,Lapu-Lapu,Baxia,Zhuxin,Karrie,Kaja,Phoveus,Suyou,Kimmy,Beatrix,Chou,1
Kimmy,Harley,Baxia,Guinevere,Pharsa,Sora,Gloo,Alice,Zhuxin,Marcel,Yu Zhong,Leomord,Valentina,Harith,Hylos,Phoveus,Suyou,Yve,Karrie,Kalea,1
Sora,Marcel,Guinevere,Harley,Arlott,Chou,Phoveus,Kalea,Zhuxin,Cici,Uranus,Baxia,Pharsa,Karrie,Kaja,Benedetta,Fredrinn,Valentina,Claude,Gloo,0
Gloo,Grock,Kalea,Karrie,Phoveus,Harley,Zhuxin,Fredrinn,Marcel,Akai,Arlott,Joy,Valentina,Freya,Gatotkaca,Sora,Guinevere,Pharsa,Claude,Khaleed,1
Karrie,Freya,Zhuxin,Phoveus,Claude,Khaleed,Sora,Lesley,Grock,Hilda,Khaleed,Baxia,Yve,Lesley,Marcel,Lapu-Lapu,Suyou,Novaria,Moskov,Gatotkaca,1
Alice,Harley,Baxia,Grock,Karrie,Zhuxin,Hilda,Marcel,Freya,Moskov,Sora,Leomord,Yve,Brody,Khaleed,Gloo,Suyou,Lylia,Claude,Jawhead,0
Chou,Phoveus,Yve,Kalea,Sora,Cici,Zhuxin,Fanny,Gloo,Harley,Lapu-Lapu,Fredrinn,Selena,Moskov,Marcel,Yu Zhong,Baxia,Valentina,Karrie,Hilda,1
Kalea,Fanny,Karrie,Hilda,Grock,Chou,Kimmy,Zhuxin,Marcel,Yve,Phoveus,Baxia,Pharsa,Claude,Khaleed,Lapu-Lapu,Guinevere,Valentina,Moskov,Gloo,1
Chou,Mathilda,Kalea,Phoveus,Hylos,Fanny,Marcel,Zetian,Zhuxin,Moskov,Sora,Baxia,Lunox,Yi Sun-shin,Hilda,Lapu-Lapu,Leomord,Yve,Claude,Gloo,1
Gloo,Karrie,Baxia,Phoveus,Alice,Marcel,Zhuxin,Freya,Leomord,Hylos,Sora,Nolan,Valentina,Harith,Khaleed,Lapu-Lapu,Suyou,Yve,Moskov,Hilda,1
Alice,Sora,Harith,Suyou,Yu Zhong,Baxia,Gloo,Marcel,Lesley,Yi Sun-shin,Hylos,Harley,Zhuxin,Claude,Grock,Terizla,Leomord,Lylia,Karrie,Khaleed,0
Lunox,Kalea,Harley,Pharsa,Gloo,Zhuxin,Baxia,Marcel,Hylos,Guinevere,Sora,Uranus,Yve,Karrie,Hilda,Phoveus,Leomord,Zetian,Claude,Grock,0
Lapu-Lapu,Harley,Phoveus,Claude,Grock,Guinevere,Gatotkaca,Marcel,Zhuxin,Baxia,Sora,Fredrinn,Yve,Claude,Grock,Valentina,Leomord,Kimmy,Karrie,Kalea,0
Phoveus,Arlott,Freya,Sora,Fredrinn,Alice,Marcel,Karrie,Zhuxin,Baxia,Yu Zhong,Fanny,Valentina,Yi Sun-shin,Kalea,Benedetta,Leomord,Zetian,Claude,Gloo,0
Phoveus,Zetian,Fredrinn,Freya,Akai,Baxia,Grock,Kalea,Zhuxin,Marcel,Sora,Guinevere,Valentina,Moskov,Gloo,Arlott,Suyou,Kimmy,Claude,Hilda,0
Yve,Valentina,Marcel,Kimmy,Zetian,Hilda,Freya,Baxia,Chou,Khaleed,Yu Zhong,Guinevere,Zhuxin,Harith,Hylos,Sora,Yi Sun-shin,Pharsa,Granger,Grock,1
Hilda,Marcel,Valentina,Kalea,Khaleed,Zhuxin,Guinevere,Phoveus,Suyou,Yu Zhong,Gloo,Harley,Yve,Freya,Chou,Sora,Baxia,Zetian,Karrie,Kaja,0
Yve,Kalea,Marcel,Valentina,Phoveus,Zhuxin,Freya,Guinevere,Lunox,Harith,Uranus,Fanny,Selena,Claude,Grock,Sora,Leomord,Pharsa,Karrie,Chou,1
Yve,Kalea,Marcel,Grock,Zetian,Zhuxin,Freya,Fanny,Karrie,Moskov,Alice,Suyou,Pharsa,Harith,Guinevere,Uranus,Leomord,Valentina,Claude,Khaleed,1
Guinevere,Yve,Fanny,Harith,Lunox,Zhuxin,Marcel,Hilda,Yu Zhong,Esmeralda,Sora,Baxia,Valentina,Karrie,Khaleed,Gloo,Leomord,Kadita,Granger,Kalea,1
Valentina,Baxia,Zhuxin,Harith,Suyou,Guinevere,Fanny,Karrie,Lylia,Harley,Sora,Fredrinn,Kimmy,Freya,Grock,Phoveus,Leomord,Yve,Claude,Khaleed,0
Phoveus,Baxia,Kalea,Harith,Yi Sun-shin,Freya,Grock,Fanny,Uranus,Valentina,Lapu-Lapu,Suyou,Zhuxin,Claude,Gatotkaca,Sora,Guinevere,Yve,Moskov,Khaleed,0
Fanny,Grock,Zetian,Uranus,Karrie,Zhuxin,Freya,Guinevere,Leomord,Baxia,Sora,Fredrinn,Yve,Harith,Khaleed,Phoveus,Harley,Valentina,Yi Sun-shin,Kalea,1
Kalea,Karrie,Guinevere,Alice,Yu Zhong,Zetian,Fanny,Leomord,Lylia,Obsidia,Sora,Harley,Yve,Freya,Hilda,Uranus,Suyou,Kadita,Bruno,Marcel,1
Yve,Freya,Marcel,Grock,Chou,Zhuxin,Guinevere,Kalea,Lylia,Lunox,Lapu-Lapu,Baxia,Selena,Karrie,Hilda,Phoveus,Fanny,Valentina,Harith,Badang,0
Yve,Fanny,Marcel,Arlott,Sora,Zhuxin,Guinevere,Baxia,Chou,Khaleed,Yu Zhong,Leomord,Zetian,Freya,Grock,Lapu-Lapu,Fredrinn,Pharsa,Karrie,Hylos,0
Yve,Fanny,Marcel,Hylos,Grock,Zhuxin,Guinevere,Baxia,Chou,Khaleed,Lapu-Lapu,Suyou,Zetian,Freya,Chip,Arlott,Fredrinn,Pharsa,Karrie,Gatotkaca,0
Fanny,Hilda,Baxia,Fredrinn,Kalea,Zhuxin,Valentina,Marcel,Kimmy,Pharsa,Yu Zhong,Leomord,Zetian,Freya,Hylos,Sora,Suyou,Yve,Karrie,Gatotkaca,1
Valentina,Baxia,Harley,Guinevere,Phoveus,Fanny,Freya,Sora,Karrie,Harith,Arlott,Fredrinn,Kimmy,Yi Sun-shin,Marcel,Uranus,Suyou,Zhuxin,Claude,Hilda,0
Guinevere,Baxia,Karrie,Hylos,Selena,Zhuxin,Hilda,Yve,Sora,Harley,Phoveus,Yi Sun-shin,Valentina,Freya,Chou,Uranus,Suyou,Kagura,Obsidia,Khufra,1
Yve,Karrie,Hilda,Harith,Zetian,Zhuxin,Guinevere,Baxia,Leomord,Harley,Sora,Joy,Valentina,Freya,Gatotkaca,Uranus,Suyou,Selena,Yi Sun-shin,Khaleed,0
Guinevere,Kalea,Arlott,Alice,Gloo,Fanny,Zhuxin,Yve,Lylia,Pharsa,Lapu-Lapu,Fredrinn,Valentina,Karrie,Marcel,Phoveus,Harley,Kimmy,Freya,Hylos,1
Yve,Fanny,Marcel,Phoveus,Arlott,Zhuxin,Guinevere,Kalea,Leomord,Yi Sun-shin,Uranus,Harley,Valentina,Karrie,Chou,Lapu-Lapu,Suyou,Pharsa,Freya,Grock,1
Guinevere,Kalea,Freya,Chou,Khaleed,Fanny,Marcel,Karrie,Harith,Moskov,Arlott,Fredrinn,Zhuxin,Granger,Hylos,Sora,Harley,Yve,Claude,Gloo,1
Fanny,Khaleed,Harley,Yi Sun-shin,Karrie,Zhuxin,Marcel,Freya,Alice,Sora,Yu Zhong,Suyou,Zetian,Harith,Hilda,Uranus,Guinevere,Yve,Claude,Chou,0
Fanny,Khaleed,Harley,Guinevere,Karrie,Zhuxin,Hilda,Freya,Kalea,Marcel,Uranus,Suyou,Valentina,Claude,Hylos,Sora,Fredrinn,Yve,Harith,Chou,0
Fanny,Kalea,Freya,Harith,Claude,Fredrinn,Marcel,Guinevere,Gatotkaca,Hylos,Yu Zhong,Suyou,Zhuxin,Karrie,Khaleed,Sora,Leomord,Yve,Moskov,Gloo,0
Fanny,Kalea,Freya,Harith,Pharsa,Fredrinn,Guinevere,Marcel,Harley,Suyou,Sora,Yi Sun-shin,Zhuxin,Yi Sun-shin,Gloo,Uranus,Leomord,Valentina,Karrie,Chou,0
Guinevere,Yve,Harith,Phoveus,Gloo,Baxia,Zhuxin,Freya,Karrie,Claude,Uranus,Harley,Valentina,Yi Sun-shin,Kaja,Hilda,Suyou,Selena,Moskov,Marcel,1
Guinevere,Harley,Yve,Marcel,Gloo,Zhuxin,Harley,Baxia,Kaja,Alice,Phoveus,Leomord,Valentina,Claude,Hilda,Uranus,Suyou,Pharsa,Karrie,Khaleed,1
Guinevere,Baxia,Marcel,Yve,Lylia,Fanny,Zhuxin,Freya,Karrie,Harith,Uranus,Suyou,Zetian,Yi Sun-shin,Khaleed,Sora,Leomord,Valentina,Claude,Chou,1
Fanny,Harley,Suyou,Guinevere,Alice,Zhuxin,Baxia,Freya,Yve,Kimmy,Yu Zhong,Fredrinn,Lylia,Granger,Marcel,Uranus,Lancelot,Zetian,Yi Sun-shin,Khaleed,1
Baxia,Guinevere,Fredrinn,Granger,Harley,Fanny,Zhuxin,Freya,Claude,Yi Sun-shin,Alice,Suyou,Yve,Karrie,Khaleed,Uranus,Leomord,Lylia,Moskov,Marcel,0
Fanny,Yve,Guinevere,Karrie,Granger,Freya,Valentina,Baxia,Khaleed,Chou,Lapu-Lapu,Fredrinn,Zhuxin,Moskov,Gatotkaca,Uranus,Harley,Lylia,Claude,Gloo,0
Fanny,Yve,Guinevere,Zetian,Lylia,Freya,Valentina,Baxia,Suyou,Leomord,Phoveus,Yi Sun-shin,Zhuxin,Moskov,Chou,Uranus,Harley,Pharsa,Claude,Gloo,1
Yve,Chou,Freya,Yu Zhong,Phoveus,Fanny,Gloo,Zhuxin,Hilda,Harith,Sora,Guinevere,Valentina,Moskov,Marcel,Lapu-Lapu,Baxia,Zetian,Karrie,Khaleed,0
Yve,Gloo,Freya,Lylia,Kimmy,Guinevere,Baxia,Zhuxin,Moskov,Phoveus,Hilda,Harley,Selena,Claude,Marcel,Uranus,Fanny,Valentina,Karrie,Chou,0
Yve,Freya,Karrie,Granger,Arlott,Zhuxin,Guinevere,Baxia,Khaleed,Gloo,Lapu-Lapu,Harley,Pharsa,Moskov,Hilda,Uranus,Suyou,Kimmy,Harith,Marcel,0
Gloo,Valentina,Baxia,Harley,Suyou,Fredrinn,Guinevere,Marcel,Harith,Hylos,Sora,Leomord,Zhuxin,Claude,Chip,Uranus,Fanny,Yve,Karrie,Khaleed,1
Guinevere,Fredrinn,Yve,Pharsa,Lapu-Lapu,Gloo,Baxia,Zhuxin,Chou,Kaja,Phoveus,Harley,Valentina,Claude,Marcel,Sora,Leomord,Kimmy,Karrie,Hylos,1
Gloo,Baxia,Valentina,Chou,Khaleed,Zhuxin,Guinevere,Marcel,Gatotkaca,Chip,Arlott,Fredrinn,Pharsa,Karrie,Kaja,Phoveus,Leomord,Yve,Harith,Hylos,1
Fredrinn,Baxia,Guinevere,Hilda,Khaleed,Fanny,Zhuxin,Freya,Yi Sun-shin,Granger,Phoveus,Suyou,Pharsa,Moskov,Marcel,Uranus,Harley,Valentina,Claude,Badang,0
Fredrinn,Baxia,Harley,Lylia,Valentina,Fanny,Freya,Zhuxin,Granger,Yi Sun-shin,Sora,Leomord,Yve,Harith,Marcel,Uranus,Hayabusa,Pharsa,Claude,Guinevere,1
Fanny,Leomord,Yve,Sora,Chip,Fredrinn,Baxia,Guinevere,Hayabusa,Phoveus,Arlott,Nolan,Zhuxin,Yi Sun-shin,Gloo,Uranus,Harley,Faramis,Freya,Chou,0
Guinevere,Selena,Suyou,Gloo,Granger,Zhuxin,Hilda,Freya,Phoveus,Arlott,Lapu-Lapu,Fredrinn,Pharsa,Karrie,Chou,Sora,Harley,Valentina,Harith,Grock,1
Freya,Marcel,Harley,Granger,Claude,Zhuxin,Selena,Guinevere,Suyou,Yi Sun-shin,Alice,X.Borg,Lylia,Karrie,Lylia,Arlott,Fredrinn,Yve,Pharsa,Hilda,0
Valentina,Baxia,Sora,Guinevere,Arlott,Zhuxin,Freya,Yi Sun-shin,Benedetta,Hilda,Uranus,Suyou,Kimmy,Granger,Kalea,Alice,Joy,Pharsa,Karrie,Marcel,1
Yi Sun-shin,Grock,Valentina,Joy,Benedetta,Zhuxin,Freya,Baxia,Guinevere,Leomord,Sora,Alpha,Zetian,Harith,Gatotkaca,Uranus,Suyou,Luo Yi,Granger,Kalea,0
Guinevere,Valentina,Marcel,Suyou,Uranus,Zhuxin,Freya,Sora,Arlott,Lapu-Lapu,Hilda,Yi Sun-shin,Kimmy,Ruby,Khaleed,Alice,Leomord,Yve,Wanwan,Kalea,0
Valentina,Kalea,Yve,Kimmy,Zetian,Guinevere,Fanny,Marcel,Harith,Cici,Phoveus,Baxia,Zhuxin,Yi Sun-shin,Helcurt,Sora,Lancelot,Pharsa,Freya,Hilda,1
Baxia,Valentina,Fredrinn,Zetian,Arlott,Zhuxin,Freya,Uranus,Yi Sun-shin,Leomord,Sora,Fanny,Kadita,Obsidia,Kalea,Phoveus,Guinevere,Novaria,Claude,Grock,1
Valentina,Fredrinn,Baxia,Fanny,Pharsa,Zhuxin,Freya,Kalea,Grock,Hilda,Uranus,Leomord,Zetian,Claude,Khaleed,Sora,Yi Sun-shin,Odette,Cici,Chou,1
Valentina,Fredrinn,Baxia,,,Zhuxin,Freya,Leomord,,,Uranus,Yi Sun-shin,Lunox,Ruby,Kalea,Sora,Fanny,Kimmy,Claude,Gatotkaca,1
Valentina,Marcel,Freya,Suyou,Fanny,Fredrinn,Baxia,Yi Sun-shin,Obsidia,Grock,Sora,Leomord,Zhuxin,Karrie,Chou,Phoveus,Guinevere,Kimmy,Benedetta,Hylos,0
Valentina,Marcel,Freya,Chou,Grock,Fredrinn,Baxia,Yi Sun-shin,Cici,Lapu-Lapu,Uranus,Guinevere,Zhuxin,Karrie,Kalea,Sora,Leomord,Kimmy,Benedetta,Hilda,0
Valentina,Grock,Baxia,Alice,Hylos,Sora,Zhuxin,Marcel,Kalea,Chou,Uranus,Suyou,Pharsa,Freya,Khaleed,Gloo,Leomord,Yve,Karrie,Hilda,1
Valentina,Uranus,Grock,Alice,Yve,Zhuxin,Freya,Kimmy,Karrie,Claude,Sora,Suyou,Zetian,Harith,Hylos,Phoveus,Baxia,Pharsa,Granger,Marcel,0
Baxia,Fredrinn,Valentina,Phoveus,Lapu-Lapu,Uranus,Zhuxin,Freya,Zetian,Grock,Sora,Suyou,Pharsa,Karrie,Hilda,Alice,Leomord,Odette,Yi Sun-shin,Kalea,1
Grock,Yi Sun-shin,Kalea,Karrie,Alice,Freya,Zhuxin,Baxia,Leomord,Guinevere,Uranus,Joy,Kimmy,Claude,Marcel,Sora,Suyou,Pharsa,Granger,Hilda,0
Yi Sun-shin,Valentina,Hilda,Chou,Kalea,Freya,Zhuxin,Sora,Suyou,Baxia,Lapu-Lapu,Lukas,Yve,Claude,Khaleed,Phoveus,Leomord,Pharsa,Harith,Hylos,0
Valentina,Karrie,Baxia,Lapu-Lapu,Zetian,Zhuxin,Sora,Freya,Cici,Ruby,Yu Zhong,Yi Sun-shin,Yve,Harith,Hylos,Alice,Leomord,Lunox,Claude,Hilda,1
Valentina,Fredrinn,Baxia,Arlott,Uranus,Freya,Zhuxin,Guinevere,Chou,Hilda,Sora,Suyou,Pharsa,Claude,Kalea,Alice,Leomord,Kimmy,Obsidia,Grock,0
Kimmy,Valentina,Fredrinn,Grock,Chou,Freya,Zhuxin,Guinevere,Granger,Karrie,Sora,Leomord,Zetian,Cici,Hilda,Lapu-Lapu,Baxia,Pharsa,Claude,Khaleed,0
Yve,Yi Sun-shin,Valentina,Lapu-Lapu,Uranus,Freya,Baxia,Zhuxin,Harith,Karrie,Sora,Fredrinn,Pharsa,Moskov,Selena,Yu Zhong,Leomord,Zetian,Claude,Gatotkaca,1
Sora,Claude,Leomord,Marcel,Helcurt,Zhuxin,Freya,Baxia,Kalea,Lapu-Lapu,Alice,Suyou,Valentina,Harith,Grock,Phoveus,Guinevere,Yve,Karrie,Mathilda,0
Valentina,Kalea,Freya,Khaleed,Gatotkaca,Zhuxin,Baxia,Fredrinn,Yve,Harith,Sora,Leomord,Lunox,Granger,Marcel,Uranus,Suyou,Zetian,Karrie,Hilda,1
Fredrinn,Zetian,Baxia,Harley,Kimmy,Zhuxin,Marcel,Freya,Harith,Guinevere,Sora,Suyou,Valentina,Moskov,Grock,Uranus,Yi Sun-shin,Pharsa,Karrie,Chou,1
Fredrinn,Baxia,Uranus,Alice,Gloo,Zhuxin,Freya,Sora,Phoveus,Lapu-Lapu,Terizla,Suyou,Valentina,Granger,Khaleed,Esmeralda,Leomord,Zetian,Harith,Marcel,0
Valentina,Uranus,Fredrinn,Karrie,Harith,Zhuxin,Marcel,Hilda,Yve,Zetian,Lapu-Lapu,Suyou,Kimmy,Freya,Khaleed,Sora,Baxia,Pharsa,Obsidia,Chou,0
Marcel,Hilda,Valentina,Baxia,Khaleed,Zhuxin,Freya,Sora,Yve,Lunox,Alice,Leomord,Zetian,Yi Sun-shin,Kalea,Arlott,Akai,Pharsa,Harith,Mathilda,1
Kalea,Valentina,Grock,Lapu-Lapu,Uranus,Zhuxin,Freya,Fanny,Harley,Chou,Sora,Guinevere,Yve,Harith,Khaleed,Esmeralda,Leomord,Selena,Claude,Marcel,1
Valentina,Kalea,Baxia,Lapu-Lapu,Uranus,Freya,Zhuxin,Fanny,Chou,Khaleed,Sora,Harley,Yve,Yi Sun-shin,Guinevere,Phoveus,Leomord,Pharsa,Claude,Marcel,1
Guinevere,Yve,Freya,Phoveus,Esmeralda,Uranus,Zhuxin,Baxia,Gloo,Hylos,Lapu-Lapu,Leomord,Valentina,Harith,Khaleed,Benedetta,Yi Sun-shin,Kimmy,Sora,Khufra,0
Hilda,Baxia,Yi Sun-shin,Granger,Claude,Freya,Sora,Zhuxin,Kalea,Guinevere,Phoveus,Uranus,Kimmy,Karrie,Khaleed,Gloo,Lancelot,Pharsa,Harith,Hylos,1
Guinevere,Phoveus,Valentina,Yu Zhong,Grock,Uranus,Zhuxin,Sora,Suyou,Yi Sun-shin,Freya,Leomord,Zetian,Granger,Hilda,Lapu-Lapu,Baxia,Kimmy,Karrie,Gatotkaca,0
Baxia,Valentina,Karrie,Gatotkaca,Yi Sun-shin,Uranus,Zhuxin,Sora,Grock,Hylos,Hilda,Suyou,Pharsa,Freya,Kalea,Phoveus,Guinevere,Kimmy,Granger,Chip,1
Uranus,Suyou,Sora,Kalea,Harley,Zhuxin,Freya,Baxia,Karrie,Grock,Lapu-Lapu,Guinevere,Kimmy,Obsidia,Hylos,Hilda,Yi Sun-shin,Pharsa,Harith,Khaleed,0
Baxia,Fanny,Valentina,Hilda,Khaleed,Zhuxin,Karrie,Kalea,Pharsa,Yve,Uranus,Yi Sun-shin,Zetian,Freya,Hylos,Arlott,Guinevere,Kimmy,Sora,Grock,1
Baxia,Fanny,Hilda,Phoveus,Guinevere,Zhuxin,Freya,Sora,Uranus,Lapu-Lapu,Arlott,Suyou,Valentina,Harith,Hylos,Alice,Leomord,Pharsa,Yi Sun-shin,Khaleed,1
Guinevere,Zhuxin,Phoveus,Alice,Grock,Baxia,Uranus,Suyou,Harley,Fanny,Sora,Joy,Valentina,Freya,Kalea,Terizla,Yi Sun-shin,Kimmy,Karrie,Hilda,0
Suyou,Baxia,Uranus,Kalea,Leomord,Freya,Zhuxin,Benedetta,Harith,Hylos,Phoveus,Guinevere,Kimmy,Yi Sun-shin,Hilda,Sora,Harley,Pharsa,Karrie,Khaleed,0
Baxia,Uranus,Suyou,Kalea,Zetian,Freya,Zhuxin,Yi Sun-shin,Fanny,Lancelot,Phoveus,Guinevere,Pharsa,Brody,Khaleed,Sora,Harley,Cecilion,Karrie,Hilda,0
Yve,Sora,Marcel,Harith,Granger,Freya,Zhuxin,Baxia,Alice,Zetian,Hilda,Harley,Lylia,Yi Sun-shin,Hylos,Uranus,Leomord,Pharsa,Moskov,Khaleed,1
Baxia,Valentina,Grock,Zetian,Uranus,Zhuxin,Freya,Marcel,Yve,Harith,Sora,Suyou,Pharsa,Granger,Kalea,Hilda,Harley,Faramis,Yi Sun-shin,Khaleed,0
Hilda,Khaleed,Valentina,Yve,Kimmy,Freya,Zhuxin,Baxia,Leomord,Karrie,Sora,Guinevere,Selena,Granger,Marcel,Uranus,Suyou,Lylia,Yi Sun-shin,Grock,1
Hilda,Khaleed,Zhuxin,Granger,Lapu-Lapu,Sora,Baxia,Freya,Yve,Karrie,Uranus,Harley,Pharsa,Yi Sun-shin,Chou,Benedetta,Suyou,Valentina,Harith,Marcel,0
Zhuxin,Baxia,Valentina,Karrie,Granger,Khaleed,Hilda,Uranus,Yve,Zetian,Suyou,Harley,Pharsa,Freya,Kalea,Sora,Guinevere,Selena,Claude,Marcel,1
Baxia,Valentina,Grock,Gatotkaca,Chip,Zhuxin,Freya,Hilda,Fanny,Harley,Sora,Leomord,Kimmy,Karrie,Kalea,Uranus,Suyou,Zetian,Yi Sun-shin,Atlas,0
Baxia,Uranus,Hilda,Kimmy,Zetian,Zhuxin,Freya,Valentina,Ruby,Cici,Gloo,Yi Sun-shin,Pharsa,Harith,Hylos,Sora,Harley,Yve,Granger,Grock,0
Baxia,Valentina,Fanny,Harith,Claude,Zhuxin,Freya,Yve,Pharsa,Kimmy,Sora,Leomord,Lylia,Yi Sun-shin,Hylos,Uranus,Suyou,Zetian,Granger,Marcel,0
Valentina,Kalea,Phoveus,Pharsa,Hylos,Zhuxin,Freya,Marcel,Selena,Yve,Lapu-Lapu,Fanny,Valir,Claude,Gloo,Sora,Fredrinn,Zetian,Moskov,Grock,1
Marcel,Uranus,Sora,Benedetta,Cici,Zhuxin,Yi Sun-shin,Baxia,Yve,Valentina,Gloo,Leomord,Lylia,Claude,Guinevere,Phoveus,Fredrinn,Zetian,Karrie,Mathilda,1
Yi Sun-shin,Valentina,Kalea,Yve,Lylia,Marcel,Zhuxin,Sora,Benedetta,Hilda,Arlott,Baxia,Zetian,Claude,Khaleed,Uranus,Suyou,Faramis,Karrie,Kaja,0
Valentina,Baxia,Kalea,Uranus,Gloo,Zhuxin,Freya,Marcel,Karrie,Granger,Sora,Harley,Odette,Claude,Chou,Hilda,Suyou,Zetian,Harith,Minotaur,1
Marcel,Harley,Guinevere,Phoveus,Lunox,Zhuxin,Freya,Sora,Harith,Karrie,Alice,Suyou,Valentina,Granger,Khaleed,Uranus,Yi Sun-shin,Kimmy,Benedetta,Kalea,0
Baxia,Valentina,Uranus,Kimmy,Grock,Zhuxin,Marcel,Guinevere,Leomord,Harley,Phoveus,Hayabusa,Zetian,Freya,Khaleed,Sora,Suyou,Lunox,Granger,Hylos,1
Valentina,Phoveus,Baxia,Kalea,Khaleed,Zhuxin,Marcel,Zetian,Kimmy,Grock,Lapu-Lapu,Suyou,Selena,Freya,Gatotkaca,Sora,Fredrinn,Yve,Karrie,Chou,1
Valentina,Phoveus,Baxia,Kalea,Khaleed,Zhuxin,Marcel,Freya,Harith,Claude,Sora,Suyou,Kimmy,Obsidia,Hilda,Uranus,Leomord,Yve,Yi Sun-shin,Grock,1
Kimmy,Phoveus,Valentina,Grock,Kalea,Baxia,Selena,Fanny,Karrie,Claude,Esmeralda,Guinevere,Zhuxin,Moskov,Khaleed,Freya,Yi Sun-shin,Yve,Harith,Hilda,1
Valentina,Kimmy,Yve,Lylia,Zetian,Baxia,Selena,Sora,Gloo,Alice,Uranus,Guinevere,Zhuxin,Freya,Helcurt,Phoveus,Yi Sun-shin,Pharsa,Karrie,Kalea,1
Valentina,Grock,Baxia,Kalea,Selena,Zhuxin,Marcel,Phoveus,Chip,Chou,Freya,Harley,Luo Yi,Yi Sun-shin,Gatotkaca,Sora,Suyou,Lunox,Claude,Kaja,0
Valentina,Phoveus,Harley,Chou,Khaleed,Zhuxin,Freya,Kalea,Arlott,Uranus,Benedetta,Baxia,Kimmy,Claude,Marcel,Sora,Suyou,Selena,Harith,Grock,1
Valentina,Yi Sun-shin,Zhuxin,Karrie,Obsidia,Baxia,Fredrinn,Uranus,Granger,Kimmy,Lapu-Lapu,Suyou,Zetian,Freya,Marcel,Sora,Leomord,Yve,Benedetta,Hilda,1
Yi Sun-shin,Valentina,Phoveus,Kalea,Hylos,Baxia,Marcel,Freya,Fredrinn,Leomord,Arlott,Guinevere,Zhuxin,Moskov,Hilda,Sora,Suyou,Yve,Harith,Khaleed,0
Baxia,Marcel,Zhuxin,Kalea,Zetian,Yi Sun-shin,Valentina,Guinevere,Hilda,Benedetta,Freya,Leomord,Yve,Granger,Gloo,Phoveus,Suyou,Pharsa,Karrie,Chou,0
Baxia,Phoveus,Guinevere,Selena,Karrie,Kalea,Zhuxin,Valentina,Harley,Yve,Hilda,Yi Sun-shin,Cecilion,Freya,Khaleed,Sora,Suyou,Valir,Claude,Marcel,0
Kalea,Valentina,Suyou,Yve,Zetian,Baxia,Guinevere,Phoveus,Helcurt,Khaleed,Freya,Fredrinn,Zhuxin,Claude,Gloo,Sora,Yi Sun-shin,Selena,Lunox,Marcel,0
Baxia,Guinevere,Uranus,Chip,Helcurt,Zhuxin,Kalea,Marcel,Karrie,Grock,Sora,Harley,Valentina,Yi Sun-shin,Hilda,Phoveus,Suyou,Selena,Freya,Chou,0
Yi Sun-shin,Baxia,Khaleed,Pharsa,Lunox,Zhuxin,Marcel,Valentina,Yve,Gloo,Sora,Harley,Kimmy,Freya,Chip,Phoveus,Guinevere,Kadita,Karrie,Kaja,0
Yi Sun-shin,Baxia,Phoveus,Kimmy,Moskov,Zhuxin,Marcel,Freya,Uranus,Chip,Valentina,Suyou,Kadita,Claude,Chou,Sora,Guinevere,Lunox,Hanabi,Khaleed,1
Yi Sun-shin,Baxia,Phoveus,Uranus,Esmeralda,Zhuxin,Marcel,Freya,Chou,Kimmy,Sora,Suyou,Valentina,Moskov,Gatotkaca,Alice,Harley,Kadita,Karrie,Khaleed,1
Lancelot,Yi Sun-shin,Guinevere,Yu Zhong,Alice,Zhuxin,Marcel,Hilda,Hylos,Grock,Phoveus,Harley,Valentina,Claude,Gloo,Uranus,Leomord,Lylia,Freya,Khaleed,1
Valentina,Guinevere,Claude,Freya,Kimmy,Lancelot,Yi Sun-shin,Suyou,Karrie,Moskov,Sora,Nolan,Zhuxin,Obsidia,Hilda,Phoveus,Harley,Yve,Granger,Khaleed,0
Hilda,Zhuxin,Uranus,Leomord,Sora,Freya,Valentina,Fanny,Karrie,Moskov,Phoveus,Baxia,Kimmy,Granger,Marcel,Gloo,Suyou,Yve,Claude,Chou,0
Fanny,Phoveus,Hilda,Chou,Kalea,Baxia,Marcel,Freya,Leomord,Yi Sun-shin,Sora,Harley,Valentina,Claude,Khaleed,Uranus,Suyou,Zetian,Harith,Gatotkaca,1
Valentina,Fanny,Hilda,Sora,Phoveus,Zhuxin,Freya,Guinevere,Yi Sun-shin,Selena,Uranus,Suyou,Pharsa,Karrie,Marcel,Alice,Harley,Kimmy,Irithel,Khaleed,0
Marcel,Karrie,Guinevere,Valir,Zetian,Freya,Fanny,Zhuxin,Yve,Pharsa,Sora,Baxia,Kimmy,Harith,Hilda,Alice,Harley,Lylia,Claude,Gloo,1
Hilda,Valentina,Guinevere,Harith,Claude,Zhuxin,Marcel,Freya,Sora,Uranus,Lapu-Lapu,Harley,Zetian,Karrie,Gatotkaca,Phoveus,Fanny,Pharsa,Granger,Khaleed,0
Lancelot,Sora,Phoveus,Fredrinn,Yi Sun-shin,Zhuxin,Freya,Guinevere,Yu Zhong,Uranus,Hilda,Harley,Pharsa,Moskov,Marcel,Arlott,Suyou,Valentina,Harith,Khaleed,1
Valentina,Fanny,Yve,Lylia,Cici,Zhuxin,Freya,Marcel,Phoveus,Uranus,Alice,Baxia,Zetian,Granger,Helcurt,Sora,Joy,Kagura,Yi Sun-shin,Helcurt,0
Valentina,Fanny,Sora,Suyou,Joy,Zhuxin,Freya,Marcel,Hilda,Khaleed,Uranus,Guinevere,Zetian,Karrie,Kalea,Phoveus,Nolan,Kagura,Yi Sun-shin,Gloo,0
Fanny,Yve,Karrie,Uranus,Sora,Zhuxin,Freya,Phoveus,Claude,Granger,Yu Zhong,Baxia,Kimmy,Harith,Marcel,Alice,Harley,Valentina,Yi Sun-shin,Gloo,1
Baxia,Phoveus,Marcel,Claude,Moskov,Fanny,Freya,Zhuxin,Uranus,Karrie,Barats,Harley,Pharsa,Granger,Chou,Yu Zhong,Guinevere,Valentina,Harith,Hilda,0
Zhuxin,Phoveus,Marcel,Harley,Suyou,Freya,Valentina,Hilda,Pharsa,Zetian,Arlott,Guinevere,Novaria,Karrie,Badang,Sora,Leomord,Yve,Claude,Khaleed,0
Valentina,Phoveus,Hilda,Moskov,Yi Sun-shin,Zhuxin,Marcel,Yve,Karrie,Harley,Gloo,Suyou,Zetian,Freya,Khaleed,Sora,Baxia,Lunox,Obsidia,Hylos,1
Hilda,Guinevere,Karrie,Gloo,Harley,Freya,Zhuxin,Marcel,Khaleed,Pharsa,Uranus,Baxia,Selena,Claude,Kaja,Sora,Leomord,Yve,Harith,Chou,1
Yve,Freya,Marcel,Gloo,Karrie,Hilda,Guinevere,Karrie,Harith,Claude,Sora,Baxia,Valentina,Obsidia,Khaleed,Phoveus,Yi Sun-shin,Lylia,Granger,Chou,1
Hilda,Guinevere,Phoveus,Chou,Khaleed,Freya,Zhuxin,Baxia,Uranus,Valentina,Alice,Suyou,Selena,Granger,Marcel,Sora,Leomord,Yve,Harith,Kalea,0
Hilda,Guinevere,Yve,Harley,Sora,Baxia,Freya,Zhuxin,Kimmy,Selena,Uranus,Suyou,Zetian,Harith,Marcel,Esmeralda,Leomord,Valentina,Granger,Khaleed,1
Hilda,Baxia,Guinevere,Claude,Chou,Zhuxin,Freya,Marcel,Valentina,Phoveus,Uranus,Suyou,Kadita,Karrie,Kaja,Sora,Harley,Yve,Granger,Khaleed,0
Benedetta,Marcel,Hilda,Karrie,Claude,Fanny,Suyou,Fredrinn,Guinevere,Baxia,Freya,Hayabusa,Zhuxin,Obsidia,Kalea,Sora,Harley,Gord,Moskov,Minotaur,0
Fanny,Yi Sun-shin,Suyou,Hayabusa,Harley,Benedetta,Freya,Mathilda,Hilda,Moskov,Sora,Fredrinn,Yve,Karrie,Rafaela,Phoveus,Guinevere,Zhuxin,Beatrix,Marcel,1
Zhuxin,Fanny,Marcel,Kaja,Kalea,Fredrinn,Baxia,Benedetta,Zetian,Lunox,Sora,Alpha,Yve,Moskov,Mathilda,Cici,Harley,Valentina,Freya,Hilda,0
Zhuxin,Freya,Fanny,Khaleed,,Fredrinn,Baxia,Benedetta,Zetian,Yve,Sora,Suyou,Gord,Karrie,Hilda,Cici,Harley,Valentina,Yi Sun-shin,Gloo,0
Yve,Hilda,Phoveus,Uranus,Arlott,Zhuxin,Baxia,Freya,Chou,Khaleed,Sora,Harley,Valentina,Karrie,Kaja,Alice,Guinevere,Lunox,Claude,Marcel,1
Guinevere,Baxia,Yve,Chou,Khaleed,Freya,Zhuxin,Hilda,Phoveus,Arlott,Lapu-Lapu,Suyou,Lunox,Claude,Marcel,Sora,Harley,Valentina,Yi Sun-shin,Kaja,0
Baxia,Fredrinn,Guinevere,Claude,Harith,Freya,Hilda,Grock,Sora,Yu Zhong,Phoveus,Harley,Zhuxin,Karrie,Khaleed,Benedetta,Yi Sun-shin,Yve,Granger,Kaja,1
Freya,Khaleed,Hilda,Alice,Phoveus,Baxia,Zhuxin,Fredrinn,Harith,Guinevere,Sora,Harley,Zetian,Moskov,Kalea,Valentina,Ling,Kimmy,Claude,Marcel,0
Guinevere,Baxia,Phoveus,Zetian,Yve,Freya,Zhuxin,Khaleed,Sora,Hylos,Yu Zhong,Suyou,Valentina,Harith,Gloo,Arlott,Leomord,Kimmy,Claude,Hilda,1
Yve,Hilda,Freya,Phoveus,Yu Zhong,Guinevere,Baxia,Zhuxin,Kaja,Karrie,Sora,Leomord,Valentina,Harith,Kalea,Suyou,Akai,Zetian,Claude,Khaleed,0
Baxia,Valentina,Phoveus,Claude,Granger,Freya,Zhuxin,Lunox,Guinevere,Hilda,Sora,Leomord,Zetian,Karrie,Marcel,Arlott,Fredrinn,Yve,Yi Sun-shin,Khaleed,0
Baxia,Phoveus,Harley,Uranus,Obsidia,Freya,Zhuxin,Lunox,Karrie,Suyou,Sora,Guinevere,Valentina,Benedetta,Hilda,Lapu-Lapu,Fanny,Yve,Yi Sun-shin,Khaleed,0
Fanny,Yi Sun-shin,Hayabusa,Zetian,Kimmy,Hilda,Yve,Zhuxin,Sora,Alice,Freya,Suyou,Valentina,Beatrix,Marcel,Guinevere,Fredrinn,Benedetta,Obsidia,Khaleed,1
Marcel,Freya,Yve,Miya,Beatrix,Zhuxin,Benedetta,Guinevere,Fredrinn,Gloo,X.Borg,Fanny,Lunox,Claude,Chou,Uranus,Baxia,Valentina,Moskov,Sora,0
Gloo,Marcel,Yve,Chou,Kalea,Baxia,Valentina,Phoveus,Fredrinn,Akai,Uranus,Suyou,Zhuxin,Karrie,Hilda,Sora,Harley,Pharsa,Freya,Guinevere,0
Yve,Freya,Phoveus,Khaleed,Hilda,Zhuxin,Baxia,Sora,Alice,Harith,Yu Zhong,Leomord,Zetian,Yi Sun-shin,Marcel,Lapu-Lapu,Harley,Valentina,Claude,Gloo,1
Benedetta,Baxia,Fredrinn,Harley,Guinevere,Zhuxin,Hilda,Marcel,Yi Sun-shin,,Phoveus,Suyou,Valentina,Freya,Khaleed,Sora,Leomord,Yve,Obsidia,Gloo,1
Hilda,Freya,Marcel,Khaleed,Phoveus,Baxia,Benedetta,Zhuxin,Yi Sun-shin,Sora,Yu Zhong,Suyou,Valentina,Obsidia,Gloo,Uranus,Harley,Zetian,Karrie,Kaja,0
Khaleed,Marcel,Freya,Hilda,Grock,Fanny,Zhuxin,Guinevere,Suyou,Yve,Paquito,Baxia,Lunox,Claude,Khaleed,Esmeralda,Harley,Valentina,Moskov,Gloo,0
Freya,Sora,Marcel,Moskov,Harith,Fanny,Zhuxin,Guinevere,Lunox,Yu Zhong,Dyrroth,Suyou,Lylia,Claude,Chip,Uranus,Yi Sun-shin,Valentina,Granger,Hilda,0
Freya,Hilda,Khaleed,Suyou,Harley,Benedetta,Baxia,Zhuxin,Harith,Claude,Sora,Fredrinn,Zetian,Bruno,Mathilda,Valentina,Guinevere,Pharsa,Yi Sun-shin,Gloo,0
Freya,Hilda,Suyou,Gloo,Karrie,Benedetta,Baxia,Zhuxin,Arlott,Yve,Phoveus,Khaleed,Zetian,Yi Sun-shin,Khaleed,Sora,Guinevere,Valentina,Granger,Kalea,0
Yve,Marcel,Karrie,Lylia,Lunox,Zhuxin,Yu Zhong,Sora,Khaleed,Uranus,X.Borg,Harley,Valentina,Freya,Belerick,Phoveus,Baxia,Kimmy,Claude,Gloo,0
Yve,Marcel,Phoveus,Suyou,Guinevere,Zhuxin,Yu Zhong,Sora,Kaja,Khaleed,Freya,Harley,Valentina,Karrie,Hilda,Uranus,Hayabusa,Zetian,Brody,Gloo,1
Yve,Yu Zhong,Sora,Lylia,Lunox,Zhuxin,Marcel,Guinevere,Valentina,Zetian,Phoveus,Baxia,Kimmy,Karrie,Kaja,Uranus,Harley,Gord,Claude,Hilda,1
Marcel,Gloo,Karrie,Harith,Suyou,Zhuxin,Guinevere,Valentina,Kimmy,Lylia,Sora,Baxia,Pharsa,Claude,Hilda,Phoveus,Harley,Yve,Obsidia,Khaleed,1
Yve,Guinevere,Sora,Harith,Khaleed,Zhuxin,Baxia,Karrie,Claude,Yi Sun-shin,Uranus,Harley,Kimmy,Obsidia,Gloo,Lapu-Lapu,Leomord,Valentina,Freya,Chip,0
Freya,Yi Sun-shin,Hilda,Phoveus,Claude,Marcel,Sora,Fredrinn,Suyou,Akai,Benedetta,Barats,Zhuxin,Karrie,Gloo,Lapu-Lapu,Baxia,Kimmy,Lesley,Khaleed,0
Freya,Hilda,Khaleed,Yi Sun-shin,Karrie,Marcel,Fredrinn,Sora,Mathilda,Chou,Benedetta,Baxia,Zhuxin,Moskov,Minotaur,Lapu-Lapu,Suyou,Yve,Granger,Gloo,0
Harley,Yve,Marcel,Uranus,Esmeralda,Freya,Zhuxin,Baxia,Hilda,Khaleed,Phoveus,Suyou,Zetian,Claude,Grock,Alice,Leomord,Valentina,Karrie,Kaja,0
Harley,Valentina,Karrie,Granger,Phoveus,Freya,Baxia,Zhuxin,Zetian,Yve,Arlott,Guinevere,Lunox,Claude,Hilda,Sora,Suyou,Kimmy,Irithel,Marcel,1
Baxia,Guinevere,Freya,Kaja,Hilda,Zhuxin,Valentina,Harley,Phoveus,Granger,Uranus,Suyou,Kimmy,Claude,Marcel,Sora,Leomord,Zetian,Karrie,Hylos,1
Yve,Freya,Marcel,Uranus,Kaja,Karrie,Gloo,Sora,Harley,Julian,Cici,Akai,Zhuxin,Claude,Khaleed,Benedetta,Baxia,Kimmy,Harith,Hilda,0
Yve,Freya,Marcel,Lesley,Khaleed,Karrie,Gloo,Valentina,Chou,Hilda,Phoveus,Akai,Zhuxin,Claude,Mathilda,Sora,Baxia,Kimmy,Yi Sun-shin,Hylos,1
Karrie,Gloo,Harley,Akai,Julian,Zhuxin,Baxia,Marcel,Lesley,Obsidia,Uranus,Suyou,Pharsa,Harith,Hilda,Phoveus,Fredrinn,Lunox,Claude,Khaleed,1
Freya,Hilda,Marcel,Karrie,Moskov,Zhuxin,Baxia,Chou,Guinevere,Hayabusa,Sora,Fanny,Valentina,Claude,Kalea,Benedetta,Harley,Lunox,Hanabi,Kaja,0
Freya,Hilda,Harley,Sora,Uranus,Zhuxin,Baxia,Fanny,Phoveus,Gloo,X.Borg,Guinevere,Gusion,Moskov,Marcel,Benedetta,Suyou,Valentina,Hanabi,Kaja,0
Baxia,Gloo,Freya,Harith,Yi Sun-shin,Zhuxin,Harley,Karrie,Yu Zhong,Phoveus,Sora,Guinevere,Valentina,Claude,Kaja,Suyou,Akai,Kimmy,Granger,Marcel,0
Harley,Karrie,Marcel,Pharsa,Lunox,Freya,Zhuxin,Valentina,Khaleed,Hilda,Arlott,Baxia,Lylia,Harith,Franco,Suyou,Akai,Kagura,Claude,Gloo,1
Gloo,Harley,Yu Zhong,Kaja,Kalea,Baxia,Marcel,Zhuxin,Suyou,Harith,Uranus,Leomord,Yve,Granger,Khaleed,Freya,Guinevere,Zetian,Karrie,Hilda,0
Gloo,Harley,Yu Zhong,Freya,Hilda,Baxia,Marcel,Zhuxin,Harith,Khaleed,Uranus,Suyou,Zetian,Yi Sun-shin,Grock,Arlott,Guinevere,Valentina,Karrie,Kalea,1
Karrie,Gloo,Freya,Hilda,Zetian,Marcel,Baxia,Zhuxin,Yi Sun-shin,Grock,Uranus,Harley,Valentina,Beatrix,Kalea,Yu Zhong,Suyou,Faramis,Harith,Khaleed,0
Freya,Gloo,Marcel,Karrie,Benedetta,Zhuxin,Baxia,Valentina,Phoveus,Uranus,Guinevere,Julian,Kimmy,Yi Sun-shin,Hylos,Sora,Harley,Zetian,Hanabi,Hilda,1
Harley,Hilda,Karrie,Khaleed,Hanabi,Zhuxin,Baxia,Freya,Harith,Yi Sun-shin,Alice,Guinevere,Selena,Layla,Marcel,Benedetta,Suyou,Valentina,Uranus,Kaja,1
Benedetta,Baxia,Fredrinn,Khaleed,Minotaur,Zhuxin,Kaja,Hilda,Yu Zhong,Phoveus,Freya,Suyou,Valentina,Kimmy,Marcel,Sora,Guinevere,Zetian,Karrie,Gloo,1
Freya,Kaja,Marcel,Harley,Guinevere,Baxia,Zhuxin,Fredrinn,Gloo,Khaleed,Benedetta,Suyou,Zetian,Moskov,Minotaur,Phoveus,Ling,Valentina,Claude,Hilda,0
Marcel,Kalea,Freya,Yve,Khufra,Baxia,Harley,Valentina,Harley,Grock,Lapu-Lapu,Fanny,Zhuxin,Claude,Hylos,Phoveus,Guinevere,Lylia,Moskov,Gloo,1
Fanny,Harley,Yve,Karrie,Valentina,Marcel,Freya,Guinevere,Mathilda,Obsidia,Sora,Baxia,Kimmy,Harith,Hilda,Phoveus,Nolan,Zhuxin,Claude,Kalea,0
Kalea,Phoveus,Freya,Valir,Valentina,Sora,Guinevere,Leomord,Harith,Khaleed,Lapu-Lapu,Baxia,Zhuxin,Moskov,Marcel,Terizla,Harley,Lylia,Karrie,Chou,0
Guinevere,Freya,Harley,Chou,Harith,Kalea,Sora,Zhuxin,Lapu-Lapu,Uranus,Alice,Suyou,Valentina,Claude,Gloo,Phoveus,Baxia,Kimmy,Karrie,Khaleed,1
Karrie,Kalea,Sora,Obsidia,Uranus,Freya,Zhuxin,Baxia,Yve,Grock,Phoveus,Harley,Zetian,Claude,Hylos,Gloo,Leomord,Luo Yi,Beatrix,Khufra,1
Baxia,Guinevere,Freya,Moskov,Harith,Luo Yi,Zhuxin,Karrie,Gloo,Zetian,Phoveus,Harley,Lunox,Sora,Khufra,Uranus,Suyou,Valentina,Yi Sun-shin,Kalea,1
Fanny,Baxia,Harley,Yi Sun-shin,Kimmy,Hilda,Zhuxin,Marcel,Hylos,Gloo,Benedetta,Guinevere,Valentina,Sora,Chou,Phoveus,Suyou,Luo Yi,Freya,Kalea,0
Khaleed,Baxia,Benedetta,Valentina,Guinevere,Fanny,Phoveus,Zhuxin,Yve,Zetian,Sora,Harley,Pharsa,Cici,Hylos,Freya,Alice,Lunox,Obsidia,Kalea,1
Guinevere,Freya,Kalea,Khaleed,Harith,Suyou,Sora,Zhuxin,Lylia,Yi Sun-shin,Phoveus,Leomord,Yve,Claude,Gatotkaca,Alice,Harley,Selena,Obsidia,Grock,1
Kalea,Phoveus,Valentina,Yve,Arlott,Harley,Zhuxin,Sora,Lapu-Lapu,Zetian,Uranus,Yi Sun-shin,Valir,Freya,Chou,Esmeralda,Guinevere,Kagura,Karrie,Grock,0
Benedetta,Guinevere,Freya,Yve,Zetian,Baxia,Phoveus,Zhuxin,Karrie,Cici,Sora,Harley,Valentina,Clint,Kalea,Arlott,Fredrinn,Lunox,Claude,Hylos,1
Baxia,Harley,Valentina,Kalea,Gloo,Freya,Guinevere,Benedetta,Cici,Lapu-Lapu,Sora,Fredrinn,Yve,Karrie,Hylos,Phoveus,Leomord,Zhuxin,Claude,Khaleed,1
Harley,Guinevere,Freya,Uranus,Joy,Baxia,Marcel,Kalea,Harith,Karrie,Alice,Suyou,Zhuxin,Yi Sun-shin,Hilda,Phoveus,Leomord,Kimmy,Sora,Chou,1
Marcel,Kalea,Guinevere,Harith,Karrie,Baxia,Freya,Harley,Badang,Leomord,Sora,Suyou,Zhuxin,Claude,Chou,Phoveus,Fanny,Yve,Yi Sun-shin,Hylos,0
Hilda,Guinevere,Baxia,Uranus,Obsidia,Gloo,Freya,Fanny,Harith,Lylia,Phoveus,Harley,Valentina,Yi Sun-shin,Chou,Lapu-Lapu,Suyou,Zhuxin,Claude,Kalea,0
Guinevere,Zhuxin,Baxia,Yve,Moskov,Kalea,Phoveus,Freya,Grock,Gloo,Sora,Fanny,Valentina,Claude,Belerick,Arlott,Fredrinn,Lunox,Masha,Chip,1
Khaleed,Fanny,Yve,Phoveus,Lapu-Lapu,Freya,Sora,Gloo,Khufra,Grock,Alice,Harley,Zhuxin,Moskov,Marcel,Uranus,Guinevere,Valentina,Karrie,Kalea,0
Gloo,Khufra,Sora,Karrie,Claude,Guinevere,Harley,Valentina,Baxia,Fanny,Uranus,Leomord,Yve,Freya,Hylos,Phoveus,Suyou,Zhuxin,Yi Sun-shin,Grock,1
Kalea,Guinevere,Phoveus,Alice,Valentina,Fanny,Zhuxin,Sora,Lapu-Lapu,Zetian,Gloo,Leomord,Lunox,Freya,Marcel,Faramis,Harley,Kimmy,Karrie,Chou,0
Kalea,Phoveus,Guinevere,Leomord,Suyou,Fanny,Zhuxin,Sora,Karrie,Obsidia,Lapu-Lapu,Harley,Yve,Claude,Hilda,Esmeralda,Hayabusa,Valentina,Freya,Khaleed,1
Benedetta,Guinevere,Kalea,Grock,Gatotkaca,Harley,Baxia,Zhuxin,Suyou,Alice,Lapu-Lapu,Leomord,Kimmy,Freya,Marcel,Phoveus,Fredrinn,Yve,Karrie,Belerick,0
Benedetta,Freya,Phoveus,Hylos,Yve,Harley,Zhuxin,Baxia,Sora,Suyou,Terizla,Yi Sun-shin,Valentina,Harith,Kalea,Esmeralda,Fredrinn,Zetian,Karrie,Guinevere,0
Sun,Harley,Guinevere,Suyou,Gloo,Benedetta,Freya,Fredrinn,Claude,Sora,Alice,Baxia,Yve,Granger,Kalea,Terizla,Lancelot,Zhuxin,Karrie,Kaja,1
Freya,Helcurt,Benedetta,Grock,Valentina,Sun,Kalea,Baxia,Karrie,Yve,Sora,Guinevere,Luo Yi,Melissa,Kaja,Lapu-Lapu,Fredrinn,Zhuxin,Claude,Khaleed,0
Marcel,Fanny,Hilda,Moskov,Alice,Zhuxin,Baxia,Kalea,Hylos,Chou,Phoveus,Fredrinn,Valentina,Karrie,Gatotkaca,Lapu-Lapu,Guinevere,Yve,Granger,Khaleed,0
Marcel,Fanny,Yve,Alice,Moskov,Zhuxin,Baxia,Kalea,Zetian,Kimmy,Phoveus,Fredrinn,Gord,Granger,Chou,Lapu-Lapu,Guinevere,Valentina,Karrie,Hylos,0
Phoveus,Fredrinn,Guinevere,Valentina,Benedetta,Fanny,Kalea,Harley,Chou,Karrie,Sora,Nolan,Zhuxin,Granger,Marcel,Cici,Baxia,Kimmy,Freya,Helcurt,1
Kalea,Fanny,Sora,Arlott,Yu Zhong,Fredrinn,Phoveus,Zhuxin,Belerick,Uranus,Esmeralda,Harley,Yve,Karrie,Khufra,Terizla,Guinevere,Valentina,Freya,Marcel,0
Yve,Baxia,Guinevere,Claude,Yu Zhong,Benedetta,Freya,Fredrinn,Zetian,Lunox,Alice,Suyou,Valentina,Clint,Kalea,Uranus,Harley,Zhuxin,Yi Sun-shin,Marcel,0
Harley,Yve,Marcel,Lylia,Kagura,Freya,Fredrinn,Baxia,Gatotkaca,Grock,Benedetta,Guinevere,Zhuxin,Obsidia,Hilda,Sora,Suyou,Lunox,Claude,Kalea,0
Marcel,Guinevere,Kalea,Gloo,Khaleed,Sun,Kaja,Zhuxin,Luo Yi,Zetian,Phoveus,Fredrinn,Lylia,Clint,Hilda,Alice,Harley,Yve,Karrie,Grock,0
Sun,Kaja,Luo Yi,Thamuz,Sora,Zhuxin,Guinevere,Kalea,Karrie,Claude,Arlott,Harley,Yve,Yi Sun-shin,Gloo,Alice,Suyou,Lylia,Clint,Hylos,1
Freya,Guinevere,Kalea,Fredrinn,Baxia,Zhuxin,Marcel,Harley,Karrie,Obsidia,Alice,Yi Sun-shin,Valentina,Sora,Grock,Phoveus,Suyou,Kimmy,Claude,Hylos,1
Kalea,Marcel,Zhuxin,Grock,Gatotkaca,Freya,Harley,Phoveus,Karrie,Kimmy,Esmeralda,Guinevere,Yve,Sora,Chou,Alice,Suyou,Valentina,Claude,Belerick,0
Benedetta,Freya,Sora,Yve,Kimmy,Zhuxin,Harley,Kalea,Phoveus,Lapu-Lapu,Alice,Guinevere,Valentina,Yi Sun-shin,Marcel,Uranus,Suyou,Zetian,Claude,Grock,1
Benedetta,Freya,Sora,Obsidia,Phoveus,Zhuxin,Marcel,Guinevere,Cici,Karrie,Esmeralda,Fanny,Lylia,Claude,Kalea,Lapu-Lapu,Baxia,Yve,Yi Sun-shin,Chou,1
Guinevere,Yve,Kalea,Lapu-Lapu,Sora,Kimmy,Zetian,Harley,Zhuxin,Marcel,Phoveus,Baxia,Valir,Moskov,Khaleed,Gloo,Nolan,Valentina,Karrie,Chou,1
Karrie,Valentina,Baxia,Yve,Guinevere,Zhuxin,Marcel,Kalea,Khaleed,Gloo,Lapu-Lapu,Harley,Kimmy,Cici,Hylos,Phoveus,Suyou,Kagura,Obsidia,Chou,1
Guinevere,Yve,Kalea,Yi Sun-shin,Karrie,Khaleed,Cici,Zhuxin,Baxia,Marcel,Gloo,Harley,Kimmy,Moskov,Hylos,Phoveus,Yi Sun-shin,Valentina,Freya,Chou,0
Phoveus,Marcel,Valentina,Karrie,Khaleed,Kalea,Zhuxin,Hilda,Faramis,Freya,Sora,Baxia,Zetian,Claude,Chou,Lapu-Lapu,Harley,Yve,Moskov,Gloo,1
Zhuxin,Marcel,Fanny,Khaleed,Chou,Baxia,Kalea,Guinevere,Yu Zhong,Lapu-Lapu,Phoveus,Leomord,Valentina,Claude,Hylos,Uranus,Harley,Yve,Karrie,Gloo,0
Yve,Baxia,Harley,Gatotkaca,Hylos,Marcel,Phoveus,Zhuxin,Yi Sun-shin,Leomord,Sora,Suyou,Zetian,Harith,Kalea,Freya,Guinevere,Kimmy,Claude,Khaleed,1
Marcel,Kalea,Freya,Gloo,Arlott,Zhuxin,Guinevere,Zetian,Phoveus,Sora,Lapu-Lapu,Baxia,Pharsa,Moskov,Chou,Yu Zhong,Harley,Kimmy,Claude,Hilda,0
Harley,Phoveus,Yve,Kalea,Hylos,Zhuxin,Marcel,Valentina,Grock,Lapu-Lapu,Freya,Baxia,Kimmy,Yi Sun-shin,Chip,Sora,Guinevere,Zetian,Karrie,Gloo,1
Zhuxin,Phoveus,Valentina,Yu Zhong,Cici,Yve,Harley,Freya,Yi Sun-shin,Chip,Sora,Baxia,Zetian,Granger,Kalea,Arlott,Guinevere,Kimmy,Claude,Marcel,1
Marcel,Phoveus,Guinevere,Karrie,Yi Sun-shin,Zhuxin,Sora,Baxia,Obsidia,Moskov,Alice,Harley,Zetian,Melissa,Gatotkaca,Uranus,Fanny,Valentina,Harith,Kalea,0
Marcel,Kalea,Guinevere,Gloo,Chou,Baxia,Zhuxin,Freya,Yi Sun-shin,Suyou,Sora,Leomord,Valentina,Moskov,Hylos,Phoveus,Harley,Valir,Harith,Khaleed,0
Marcel,Phoveus,Fanny,Guinevere,Harley,Zhuxin,Freya,Valentina,Yu Zhong,Cici,Arlott,Baxia,Kimmy,Moskov,Khaleed,Sora,Suyou,Yve,Claude,Kalea,0
Marcel,Kalea,Phoveus,Grock,Khaleed,Zhuxin,Freya,Valentina,Karrie,Harith,Sora,Guinevere,Pharsa,Granger,Gloo,Yu Zhong,Baxia,Yve,Clint,Hilda,0
Baxia,Zetian,Freya,Yi Sun-shin,Harith,Zhuxin,Marcel,Phoveus,Yu Zhong,Cici,Valentina,Harley,Yve,Ruby,Kalea,Terizla,Guinevere,Kimmy,Sora,Hilda,0
Baxia,Freya,Zetian,Yi Sun-shin,Valentina,Zhuxin,Marcel,Phoveus,Yu Zhong,Alice,Lapu-Lapu,Harley,Yve,Cici,Kalea,Sora,Guinevere,Kimmy,Claude,Hilda,0
Baxia,Harley,Kalea,Clint,Harith,Zhuxin,Fanny,Yve,Alice,Yu Zhong,Lapu-Lapu,Suyou,Kimmy,Beatrix,Marcel,Phoveus,Guinevere,Zetian,Moskov,Floryn,0
Baxia,Harley,Kalea,Clint,Karrie,Zhuxin,Fanny,Marcel,Harith,Grock,Phoveus,Suyou,Valentina,Claude,Chou,Lapu-Lapu,Guinevere,Kimmy,Moskov,Hilda,0
Guinevere,Kalea,Yve,Grock,Chip,Marcel,Baxia,Zhuxin,Moskov,Karrie,Phoveus,Leomord,Kimmy,Harith,Hylos,Cici,Harley,Valentina,Freya,Gloo,0
Guinevere,Yve,Phoveus,Zetian,Lylia,Marcel,Zhuxin,Kalea,Moskov,Kimmy,Lapu-Lapu,Baxia,Valentina,Karrie,Chou,Sora,Harley,Valir,Claude,Gatotkaca,1
Yve,Fanny,Valentina,Karrie,Claude,Zhuxin,Baxia,Marcel,Yu Zhong,Gloo,Alice,Harley,Zetian,Yi Sun-shin,Hylos,Phoveus,Guinevere,Kimmy,Moskov,Kalea,1
Baxia,Guinevere,Kimmy,Zetian,Freya,Zhuxin,Fanny,Marcel,Gloo,Hilda,Sora,Suyou,Valentina,Claude,Khaleed,Phoveus,Harley,Yve,Yi Sun-shin,Hylos,1
Valentina,Yve,Fanny,Karrie,Claude,Zhuxin,Baxia,Marcel,Yi Sun-shin,Phoveus,Yu Zhong,Harley,Zetian,Granger,Hylos,Alice,Suyou,Kimmy,Freya,Kalea,1
Fanny,Kalea,Guinevere,Claude,Yi Sun-shin,Zhuxin,Marcel,Baxia,Lapu-Lapu,Sora,Gloo,Harley,Kimmy,Clint,Hilda,Phoveus,Suyou,Yve,Harith,Chou,1
Guinevere,Kimmy,Kalea,Freya,Yu Zhong,Zhuxin,Marcel,Fanny,Yi Sun-shin,Sora,Benedetta,Baxia,Valentina,Claude,Grock,Terizla,Harley,Yve,Moskov,Gloo,0
Marcel,Phoveus,Freya,Valentina,Khaleed,Zhuxin,Baxia,Guinevere,Moskov,Kalea,Sora,Harley,Yve,Brody,Grock,Uranus,Fanny,Zetian,Claude,Hilda,1
Phoveus,Yve,Baxia,Cici,Harith,Marcel,Zhuxin,Freya,Gloo,Kalea,Valentina,Harley,Zetian,Yi Sun-shin,Gatotkaca,Sora,Guinevere,Odette,Moskov,Hylos,1
Marcel,Phoveus,Freya,Gloo,Kalea,Zhuxin,Baxia,Guinevere,Harith,Suyou,Sora,Leomord,Valir,Moskov,Hylos,Valentina,Harley,Yve,Yi Sun-shin,Gatotkaca,0
Claude,Benedetta,Phoveus,Kalea,Harley,Marcel,Zhuxin,Sora,Chou,Yi Sun-shin,Freya,Guinevere,Yve,Moskov,Khaleed,Esmeralda,Baxia,Zetian,Karrie,Gloo,0
Chip,Gloo,Phoveus,Kalea,Harley,Marcel,Zhuxin,Sora,Esmeralda,Gatotkaca,Arlott,Baxia,Zetian,Karrie,Khaleed,Alice,Guinevere,Yve,Freya,Grock,1
Zhuxin,Baxia,Harley,Yve,Suyou,Marcel,Valentina,Phoveus,Gatotkaca,Khaleed,Sora,Fanny,Valir,Karrie,Kalea,Freya,Guinevere,Zetian,Moskov,Chip,0
Yve,Phoveus,Sora,Alice,Hilda,Marcel,Zhuxin,Baxia,Harith,Fanny,Freya,Guinevere,Valir,Yi Sun-shin,Kalea,Esmeralda,Harley,Valentina,Claude,Gatotkaca,1
Harley,Guinevere,Yve,Uranus,Yi Sun-shin,Baxia,Fanny,Phoveus,Lylia,Zetian,Sora,Suyou,Kimmy,Moskov,Marcel,Freya,Leomord,Valentina,Harith,Zhuxin,0
Phoveus,Guinevere,Kimmy,Harley,Yu Zhong,Zhuxin,Freya,Marcel,Yi Sun-shin,Claude,Sora,Baxia,Valentina,Granger,Belerick,Uranus,Nolan,Zetian,Moskov,Kalea,1
Phoveus,Kimmy,Kalea,Arlott,Yu Zhong,Guinevere,Freya,Baxia,Sora,Yi Sun-shin,Alice,Suyou,Zhuxin,Clint,Gloo,Uranus,Harley,Valentina,Claude,Marcel,0
Guinevere,Phoveus,Gloo,Moskov,Claude,Baxia,Harley,Freya,Cici,Granger,Sora,Leomord,Zhuxin,Harith,Marcel,Uranus,Suyou,Valentina,Karrie,Hylos,1
Kalea,Fanny,Baxia,Valentina,Pharsa,Marcel,Zhuxin,Yve,Cici,Uranus,Gloo,Harley,Kimmy,Granger,Khufra,Phoveus,Yi Sun-shin,Gord,Freya,Guinevere,1
Gloo,Phoveus,Guinevere,Lapu-Lapu,Freya,Baxia,Harley,Marcel,Fanny,Karrie,Sora,Suyou,Zhuxin,Harith,Chou,Valentina,Leomord,Yve,Claude,Hilda,1
Phoveus,Marcel,Valentina,Khaleed,Grock,Freya,Kalea,Zhuxin,Guinevere,Harley,Sora,Suyou,Zetian,Karrie,Gloo,Arlott,Baxia,Kimmy,Moskov,Khufra,1
Guinevere,Freya,Kalea,Phoveus,Benedetta,Zhuxin,Marcel,Sora,Karrie,Terizla,Yu Zhong,Harley,Yve,Clint,Khaleed,Uranus,Baxia,Zetian,Claude,Gloo,1
Phoveus,Marcel,Valentina,Karrie,Terizla,Freya,Zhuxin,Sora,Benedetta,Harith,Alice,Baxia,Zetian,Moskov,Gatotkaca,Yu Zhong,Guinevere,Yve,Claude,Kalea,0
Freya,Baxia,Guinevere,Yu Zhong,Ruby,Marcel,Zhuxin,Phoveus,Gloo,Gatotkaca,Sora,Fanny,Valentina,Claude,Khaleed,Uranus,Harley,Kimmy,Cici,Kalea,0
Freya,Baxia,Sora,Guinevere,Gloo,Marcel,Zhuxin,Phoveus,Moskov,Karrie,Alice,Leomord,Pharsa,Beatrix,Kalea,Lapu-Lapu,Uranus,Kimmy,Claude,Hylos,0
Sora,Phoveus,Yve,Arlott,Yu Zhong,Marcel,Zhuxin,Fanny,Gloo,Chip,Freya,Guinevere,Zetian,Granger,Hilda,Esmeralda,Baxia,Valentina,Karrie,Kalea,1
Phoveus,Harley,Kalea,Valentina,Grock,Freya,Sora,Gloo,Karrie,Granger,Arlott,Guinevere,Yve,Claude,Marcel,Yu Zhong,Baxia,Zhuxin,Moskov,Khaleed,1
Phoveus,Yve,Sora,Arlott,Yu Zhong,Freya,Marcel,Kalea,Fanny,Harith,Uranus,Lancelot,Zhuxin,Moskov,Hilda,Terizla,Harley,Zetian,Claude,Khaleed,1
Phoveus,Freya,Guinevere,Zetian,Yve,Baxia,Harley,Marcel,Yu Zhong,Harith,Valentina,Suyou,Zhuxin,Clint,Kalea,Sora,Fredrinn,Pharsa,Claude,Gatotkaca,1
